,Media Source,Tweets Ago,Date,Positive,Negative,Neutral,Compound,Text
0,@BBC,1,Tue Apr 10 18:42:00 +0000 2018,0.0,0.842,0.158,-0.4927,"It wasn't until Henry VIII's reign that the #TowerOfLondon became really notorious as a place of imprisonment, tort‚Ä¶ https://t.co/Lkoj4s5XH1"
1,@BBC,2,Tue Apr 10 18:00:27 +0000 2018,0.0,0.784,0.216,-0.5106,Meet Rebekah - a former professional footballer who changed career and became a prison officer. https://t.co/D5H4aLBVln
2,@BBC,3,Tue Apr 10 16:58:05 +0000 2018,0.0,1.0,0.0,0.0,üå∂ü§Ø A man who ate the world's hottest chilli pepper in a chilli-eating contest ended up in hospital after experienci‚Ä¶ https://t.co/aiRSOhb4eI
3,@BBC,4,Tue Apr 10 16:34:54 +0000 2018,0.0,1.0,0.0,0.0,"RT @bbccomedy: Henry of Eight, the Tudor Kim Kardashian. #CunkOnBritain @MissDianeMorgan https://t.co/VuQyfSFyRM"
4,@BBC,5,Tue Apr 10 16:32:08 +0000 2018,0.0,1.0,0.0,0.0,"üë≠ Ten celebrity pairs who look so freakily alike they could be twins. #NationalSiblingsDay
üëâ https://t.co/WAUVA2c8e4 https://t.co/wTkpghO1uv"
5,@BBC,6,Tue Apr 10 16:02:03 +0000 2018,0.336,0.514,0.15,0.4227,"üò± That's quite the party trick! 
#Doodlebugs https://t.co/IUz7r0qJcf"
6,@BBC,7,Tue Apr 10 15:47:43 +0000 2018,0.208,0.726,0.066,0.6705,"RT @TWBBC: ""Our liberty is at risk when we hand over our data"" @thermoflynamics and @FinalBullet ask if we need to take control of our data‚Ä¶"
7,@BBC,8,Tue Apr 10 15:28:35 +0000 2018,0.237,0.763,0.0,0.7351,"RT @BBCNWT: Have you ever spotted a @RealMancsy around Manchester? ü§î

These free prints pop up around the city, thanks to the anonymous art‚Ä¶"
8,@BBC,9,Tue Apr 10 15:25:18 +0000 2018,0.268,0.732,0.0,0.8126,"RT @BBCR1: Do YOU look like this lady with a tablecloth on her head?

We need your help to recreate a painting from the 1800s üé®üëä

Kindly em‚Ä¶"
9,@BBC,10,Tue Apr 10 15:18:36 +0000 2018,0.211,0.789,0.0,0.4939,RT @BBCTwo: Two tiger brothers enjoy their first swimming lesson. üêØüí¶ #NationalSiblingsDay https://t.co/qiyB4N5EYr
10,@BBC,11,Tue Apr 10 14:34:14 +0000 2018,0.204,0.796,0.0,0.6249,"RT @AboutTheBBC: Today @englishheritage unveiled a blue plaque to former BBC Director-General Sir Hugh Carleton Greene. A great moderniser,‚Ä¶"
11,@BBC,12,Tue Apr 10 13:00:36 +0000 2018,0.226,0.774,0.0,0.5423,"üñºüé® From Vel√°zquez to van Gogh, explore 5 masterpieces of European painting. 
üëâ https://t.co/wRpdRNUuz5 https://t.co/EVrV6Iat8H"
12,@BBC,13,Tue Apr 10 12:00:17 +0000 2018,0.0,0.625,0.375,-0.5574,üé• The nasty side of social media. https://t.co/rKpSRqqjkd
13,@BBC,14,Tue Apr 10 11:00:18 +0000 2018,0.0,0.775,0.225,-0.6997,üê∂üíÖ The rise of 'extreme dog pampering' puts the welfare of pets in jeopardy and 'sends out an extremely worrying me‚Ä¶ https://t.co/WTUIFUxaat
14,@BBC,15,Tue Apr 10 10:16:15 +0000 2018,0.18,0.82,0.0,0.5093,"RT @cbbc: This is cute, you two! üòç

@nikkilillyy &amp; @jemmawilson talk cakes and being a goth üíú https://t.co/LcF6T8F9d6"
15,@BBC,16,Tue Apr 10 10:12:47 +0000 2018,0.0,1.0,0.0,0.0,"RT @BBCBreakfast: Meet 'The Man Engine'. 
He's a tribute to our mining history. ‚õè  #manengine https://t.co/sa6ykd3uUT"
16,@BBC,17,Tue Apr 10 09:44:17 +0000 2018,0.0,0.879,0.121,-0.296,"Iceland is to stop using palm oil in own-brand products by the end of 2018.
üëâ https://t.co/jyQura5jVB https://t.co/K6HGJDMxrL"
17,@BBC,18,Tue Apr 10 09:34:46 +0000 2018,0.066,0.837,0.097,-0.1779,"RT @bbcwritersroom: .@BBCR1 have just launched a new #comedy podcast called Kench with Ray Moss - No Stone Unturned by @benpartridge 
We ca‚Ä¶"
18,@BBC,19,Tue Apr 10 09:05:51 +0000 2018,0.292,0.708,0.0,0.6369,"RT @BBC6Music: Listen back to @RobertSmith‚Äôs exclusive interview about:
üñ§ 40 years of @TheCure
üëÑ Inviting @RollingStones to play @meltdownf‚Ä¶"
19,@BBC,20,Tue Apr 10 09:05:17 +0000 2018,0.204,0.796,0.0,0.7096,RT @BBC6Music: Tonight from 7-9pm BST: Cillian Murphy sits in for @IggyPop. Here he is on how @tomwaits is helping to inspire his new role.‚Ä¶
20,@BBC,21,Tue Apr 10 08:01:08 +0000 2018,0.16,0.651,0.189,-0.128,üéÆ This video game has been designed to help people deal with grief. https://t.co/tmRibTCet4
21,@BBC,22,Tue Apr 10 07:27:02 +0000 2018,0.0,1.0,0.0,0.0,"üê∏ Nine new species have been found where few scientists have gone before.
üëâ https://t.co/EfvR9rqTNt https://t.co/qhInJevOTU"
22,@BBC,23,Tue Apr 10 07:01:02 +0000 2018,0.173,0.827,0.0,0.2716,üèä Women's only swimming sessions are more important than you think. https://t.co/yPZyqsIktB
23,@BBC,24,Mon Apr 09 19:01:07 +0000 2018,0.0,0.83,0.17,-0.5994,"In this five-part immersive living history series, the training programme of one of World War Two's most covert org‚Ä¶ https://t.co/WMq4ME93CR"
24,@BBC,25,Mon Apr 09 18:04:06 +0000 2018,0.0,0.936,0.064,-0.0772,"When doctors found a large tumour on little Poppy‚Äôs brain, her parents faced one of the toughest decisions of their‚Ä¶ https://t.co/bJp258jCaL"
25,@BBC,26,Mon Apr 09 17:02:07 +0000 2018,0.273,0.727,0.0,0.7184,"Keep full and satisfied with these protein-filled, vegetarian dinners. 
Make double portions and save for lunch tom‚Ä¶ https://t.co/yh3RGeC5i3"
26,@BBC,27,Mon Apr 09 16:43:45 +0000 2018,0.0,1.0,0.0,0.0,"RT @BBCScotland: The history behind #NationalUnicornDay ü¶Ñ

*may not be factually accurate* https://t.co/p44XmIXnoM"
27,@BBC,28,Mon Apr 09 16:34:07 +0000 2018,0.0,1.0,0.0,0.0,RT @BBCTwo: Can you guess the city? #TheCityAndTheCity‚Äôs @davemorrissey64 and @MandiDhillon tried our game out for size‚Ä¶ üåÜüèôüôÉ https://t.co/U‚Ä¶
28,@BBC,29,Mon Apr 09 16:26:04 +0000 2018,0.0,1.0,0.0,0.0,"The latest episode of @TheSimpsons has addressed controversy surrounding Indian character Apu for the first time.
üëâ‚Ä¶ https://t.co/guqD0Pf53R"
29,@BBC,30,Mon Apr 09 16:04:04 +0000 2018,0.506,0.494,0.0,0.6239,üèÉ‚Äç‚ôÄÔ∏è‚ù§Ô∏è What a brilliant idea! https://t.co/QUVCwBptOU
30,@BBC,31,Mon Apr 09 15:42:30 +0000 2018,0.144,0.856,0.0,0.4003,RT @BBCTheOneShow: Tonight on The One Show - @kylieminogue! üíóüíóüíóüíóüíó RT: if you're excited. #TheOneShow #KylieMinogue #Kylie https://t.co/Yten‚Ä¶
31,@BBC,32,Mon Apr 09 15:29:26 +0000 2018,0.189,0.811,0.0,0.5411,"RT @BBCSport: What a way to save match point!

Table tennis is pure carnage.

#GC2018 #bbcgoldcoast https://t.co/1shVrSJuRn"
32,@BBC,33,Mon Apr 09 15:07:08 +0000 2018,0.207,0.793,0.0,0.5267,"üê∂‚ù§Ô∏èüòΩ
Henry and Baloo: Dog and cat travel companions gain cult following.
üëâ https://t.co/rTpxqa69Oq https://t.co/iRkQXMwnyv"
33,@BBC,34,Mon Apr 09 14:02:03 +0000 2018,0.145,0.855,0.0,0.5267,"A new campaign is encouraging people to do CPR to the tune of @The_Proclaimers' hit 'I'm Gonna Be (500 miles)'.
üëâ‚Ä¶ https://t.co/MULW1tgRPL"
34,@BBC,35,Mon Apr 09 13:01:05 +0000 2018,0.293,0.707,0.0,0.4404,"How NOT to impress Madonna...
#TheGrahamNortonShow #TGNS https://t.co/NnYS15sU9p"
35,@BBC,36,Mon Apr 09 12:31:27 +0000 2018,0.0,1.0,0.0,0.0,RT @bbccomedy: Philomena Cunk steps on board the first ship to circumcise the globe. #CunkOnBritain @missdianemorgan https://t.co/f1oHsolPHe
36,@BBC,37,Mon Apr 09 12:28:16 +0000 2018,0.0,1.0,0.0,0.0,"üå≠üê∂ Over 1,500 people turned up to this mass sausage dog walk in Manchester yesterday. https://t.co/6fscMy6eZ7"
37,@BBC,38,Mon Apr 09 12:14:30 +0000 2018,0.112,0.888,0.0,0.34,"RT @bbcsoutheast: You don't have to be married to take part in ""wife-carrying"". Fancy giving it a go? #Dorking #wifecarrying #wifecarryingu‚Ä¶"
38,@BBC,39,Mon Apr 09 12:12:54 +0000 2018,0.208,0.792,0.0,0.6705,"RT @BBCnireland: As the days get longer, here are some #TightShorts tips on creating that naturally flawless, 'don't get seen, blend into t‚Ä¶"
39,@BBC,40,Mon Apr 09 12:02:02 +0000 2018,0.0,1.0,0.0,0.0,Flipping the script on dyslexia. https://t.co/rW1FLygX9V
40,@BBC,41,Mon Apr 09 11:50:07 +0000 2018,0.0,1.0,0.0,0.0,"RT @bbcthesocial: This is how homophobia feels in 2018.

#TimeForLove https://t.co/dHfsvt94Nz"
41,@BBC,42,Mon Apr 09 11:27:01 +0000 2018,0.068,0.833,0.098,-0.2023,RT @BBCFOUR: How do you cope with stage fright when you're working at music's top level? Listen to the new #BBCYoungMusician podcast with @‚Ä¶
42,@BBC,43,Mon Apr 09 11:16:03 +0000 2018,0.268,0.649,0.083,0.6757,"Love hurts, but this is a step too far...

üíç People are getting finger piercings instead of engagement rings.
üëâ‚Ä¶ https://t.co/eargluPvnC"
43,@BBC,44,Mon Apr 09 10:41:24 +0000 2018,0.0,1.0,0.0,0.0,"üò¥üêª When the weather is so cold that you can't bear to get up. 
#MondayMorning https://t.co/JhfqRhL5fQ"
44,@BBC,45,Mon Apr 09 08:56:59 +0000 2018,0.0,1.0,0.0,0.0,RT @BBCTwo: Every Saga must come to an end... #TheBridge https://t.co/YNyeMUM8A2
45,@BBC,46,Mon Apr 09 08:40:53 +0000 2018,0.0,0.891,0.109,-0.3252,"RT @BBCRadio4: ""If a ¬£100 coat is half price, and you buy it, you haven't saved ¬£50 you've spent ¬£50.""
https://t.co/yKrYlW9jf6"
46,@BBC,47,Mon Apr 09 08:01:01 +0000 2018,0.0,1.0,0.0,0.0,"üò≤üöÇ Hop onboard the train that (somehow) squeezes through a crowded market near Bangkok, eight times a day! https://t.co/htvLHtJdPH"
47,@BBC,48,Mon Apr 09 07:27:04 +0000 2018,0.0,0.897,0.103,-0.3182,"The story of why the Roman Baths developed, how they were lost for many centuries and how they were rediscovered.‚Ä¶ https://t.co/zEzPchOgPO"
48,@BBC,49,Mon Apr 09 07:00:14 +0000 2018,0.0,1.0,0.0,0.0,üè• How can #3DPrinting be of use in surgery? https://t.co/3LQkXMMHwo
49,@BBC,50,Sun Apr 08 19:02:05 +0000 2018,0.0,1.0,0.0,0.0,"üò∫üí¶ This is Maya the jaguar's very first swim!  
#BigCatsAboutTheHouse https://t.co/IacZP3ltf3"
50,@BBC,51,Sun Apr 08 18:03:03 +0000 2018,0.314,0.686,0.0,0.4939,üòÇ Need a hand getting the kids to bed? https://t.co/JAUkyoVSA8
51,@BBC,52,Sun Apr 08 17:25:08 +0000 2018,0.147,0.765,0.088,0.25,"'Silencing masks' and 'wife auctions': What life used to be like for women. 
üëâ https://t.co/7Z1bcXKgOx https://t.co/gzm7Hf3loH"
52,@BBC,53,Sun Apr 08 17:07:02 +0000 2018,0.0,1.0,0.0,0.0,"ü¶ñüòÇ Philomena Cunk examines the barbaric conditions in which we keep today's dinosaurs.
#CunkOnBritain  https://t.co/nBav5dqh7a"
53,@BBC,54,Sun Apr 08 16:40:55 +0000 2018,0.0,1.0,0.0,0.0,"RT @bbcgetinspired: Meet Sue...

She is planning to run the 2018 @LondonMarathon to prove someone with vascular dementia can do it. üôå

‚û° ht‚Ä¶"
54,@BBC,55,Sun Apr 08 16:07:03 +0000 2018,0.0,0.894,0.106,-0.2263,üé® Victoria Lomasko is a Russian graphic artist who's travelled up and down her country painting 'forgotten women'. https://t.co/XtlpBlAYb0
55,@BBC,56,Sun Apr 08 15:31:00 +0000 2018,0.0,1.0,0.0,0.0,"üé∂ The search for the next Young Musician has begun, and the first @BBCYoungMus semi-finalist of 2018 has been confi‚Ä¶ https://t.co/klUA4GWtb0"
56,@BBC,57,Sun Apr 08 15:11:04 +0000 2018,0.0,1.0,0.0,0.0,"'If boys are getting diagnosed with autism, girls need exactly the same.' https://t.co/f7Aft0LWwB"
57,@BBC,58,Sun Apr 08 13:54:07 +0000 2018,0.0,0.811,0.189,-0.2023,üíÉüï∫ Meet the kids cutting some serious shapes on the streets of Lagos. https://t.co/3ySZPqua01
58,@BBC,59,Sun Apr 08 13:23:39 +0000 2018,0.393,0.607,0.0,0.875,"RT @BBCSport: What a nice surprise üòçüíç

Two of @TeamEngland 's basketball players got engaged on court at the Commonwealths. 

Congrats @Jam‚Ä¶"
59,@BBC,60,Sun Apr 08 13:03:04 +0000 2018,0.512,0.488,0.0,0.2732,üòÇ 'Surprise me'. https://t.co/Jo7illTafh
60,@BBC,61,Sun Apr 08 11:00:15 +0000 2018,0.0,0.936,0.064,-0.0772,"When doctors found a large tumour on little Poppy‚Äôs brain, her parents faced one of the toughest decisions of their‚Ä¶ https://t.co/MGM0dpxlFH"
61,@BBC,62,Sun Apr 08 10:15:06 +0000 2018,0.213,0.787,0.0,0.5859,"RT @BBCSport: Beauty queen ‚úÖ
Commonwealth Games weightlifting silver medallist ‚úÖ

Introducing Sarah Davies...

#GC2018 #bbcgoldcoast https:‚Ä¶"
62,@BBC,63,Sun Apr 08 10:01:07 +0000 2018,0.12,0.88,0.0,0.3818,"From Ordeal by Innocence to the return of The Handmaid‚Äôs Tale, here are @BBC_Culture's pick of programmes to watch‚Ä¶ https://t.co/Q6S34uv5LX"
63,@BBC,64,Sun Apr 08 09:08:02 +0000 2018,0.0,1.0,0.0,0.0,"ü¶çüí¨ Not only can Koko the gorilla use sign language, she also appears to have learnt to lie...

https://t.co/xXZwlLDLJh"
64,@BBC,65,Sun Apr 08 08:17:18 +0000 2018,0.0,1.0,0.0,0.0,RT @BBCOne: .@johnkrasinski's got MOVES. #TheGrahamNortonShow #TGNS https://t.co/2HUMM0ixEW
65,@BBC,66,Sun Apr 08 08:08:07 +0000 2018,0.208,0.792,0.0,0.6369,"Football, volleyball AND martial arts? Ô∏è‚öΩÔ∏èü•ãü§î

Sepak Takraw is the best sport you've never heard of... 

https://t.co/ngTwJHEmrI"
66,@BBC,67,Sun Apr 08 07:02:06 +0000 2018,0.217,0.783,0.0,0.3612,üê≥ Meet the gargantuan air freighter that looks like a whale. https://t.co/7DPUt8okKU
67,@BBC,68,Sat Apr 07 18:00:22 +0000 2018,0.252,0.748,0.0,0.5719,‚ù§Ô∏èüé∂ @NiallOfficial's Live Lounge cover of @JuliaMichaels' Issues is just perfect.  https://t.co/XpsnR29hPU
68,@BBC,69,Sat Apr 07 17:19:26 +0000 2018,0.0,1.0,0.0,0.0,"RT @CBeebiesHQ: Goodnight @ChrisEvans,üåô 

Chris reads Goodnight Goodnight Construction site tonight. üèóÔ∏è 

#BedtimeStory is at 6:50pm üò¥üí§ htt‚Ä¶"
69,@BBC,70,Sat Apr 07 17:04:03 +0000 2018,0.072,0.523,0.405,-0.7269,ü¶Åüò¢ Lions are often poisoned to prevent them attacking livestock. https://t.co/254nhtlMW5
70,@BBC,71,Sat Apr 07 16:00:23 +0000 2018,0.419,0.581,0.0,0.6515,"üò≤ Some VERY impressive maths here. 
#UniversityChallenge https://t.co/crvQQ5V3Vn"
71,@BBC,72,Sat Apr 07 15:01:03 +0000 2018,0.241,0.759,0.0,0.6908,Doctors are finding one way that sugar can benefit your health - it may help heal wounds resistant to antibiotics.‚Ä¶ https://t.co/zI9pN0zSVo
72,@BBC,73,Sat Apr 07 14:33:46 +0000 2018,0.0,1.0,0.0,0.0,"RT @BBCRadio2: ""The clunk of putting the cassette in, snapping it shut... oh wait I'm going to rewind to get to the start of the song. It's‚Ä¶"
73,@BBC,74,Sat Apr 07 14:00:31 +0000 2018,0.0,1.0,0.0,0.0,"üåéüì∏ Our pick of the most striking news photographs taken around the world recently.
üëâ https://t.co/zPpuZq9hOC https://t.co/fYUTrG44Ra"
74,@BBC,75,Sat Apr 07 13:00:20 +0000 2018,0.0,0.778,0.222,-0.5719,How did this new mum survive in the chaos that followed Hurricane Maria? https://t.co/Nx7uFz1k56
75,@BBC,76,Sat Apr 07 12:07:08 +0000 2018,0.098,0.748,0.154,-0.296,"For Dr Joel Salinas, music creates colours, numbers have personalities and another person's pain feels almost like‚Ä¶ https://t.co/lrGhiKBaGZ"
76,@BBC,77,Sat Apr 07 11:19:19 +0000 2018,0.0,1.0,0.0,0.0,"RT @bbcthree: 94-year-old Judo Jack says: ""Get off your butt and do something."" https://t.co/M9CzCtwSqe"
77,@BBC,78,Sat Apr 07 11:00:57 +0000 2018,0.0,1.0,0.0,0.0,RT @BBCR1: It's been one whole year of Sign Of The Times and we need to know whether @Harry_Styles finally let Chris Martin be head of his‚Ä¶
78,@BBC,79,Sat Apr 07 11:00:18 +0000 2018,0.251,0.749,0.0,0.69,"What an inspiration! üí™ 

‚ù§Ô∏è Fraser shed the pounds to pursue his wrestling dream, in memory of his mother. https://t.co/LWmuGo6dTN"
79,@BBC,80,Sat Apr 07 10:26:52 +0000 2018,0.0,1.0,0.0,0.0,"RT @BBCSport: It's a historic victory for Uganda! üôå 

Earlier today they recorded their first ever victory at the Commonwealth games with a‚Ä¶"
80,@BBC,81,Sat Apr 07 10:05:06 +0000 2018,0.0,1.0,0.0,0.0,üçìüçí Did you know that cherries and strawberries represented the souls of men? Or that a dragonfly could be the devil‚Ä¶ https://t.co/s9rFhv5wlu
81,@BBC,82,Sat Apr 07 09:00:12 +0000 2018,0.0,0.637,0.363,-0.8658,"Losing your hair whilst going through cancer treatment can be distressing. 

This shop decided to try and do someth‚Ä¶ https://t.co/mcOgFrRtdq"
82,@BBC,83,Sat Apr 07 08:00:16 +0000 2018,0.0,1.0,0.0,0.0,üóëü§ñ This trash collecting robot can be controlled by anyone via the internet. https://t.co/N2gbeP2nIo
83,@BBC,84,Sat Apr 07 07:54:05 +0000 2018,0.094,0.906,0.0,0.34,"RT @bbcgetinspired: 'Women don't just stay at home and look after the kids, we don't just do dance or gymnastics, we play tennis, football‚Ä¶"
84,@BBC,85,Sat Apr 07 07:03:06 +0000 2018,0.231,0.769,0.0,0.4588,üòçüêø These baby red squirrels are too cute to handle. https://t.co/d2r7c8EyUh
85,@BBC,86,Fri Apr 06 19:48:37 +0000 2018,0.0,1.0,0.0,0.0,"RT @bbcmusic: Jade, this was INCREDIBLE üòç
#SoundsLikeFridayNight https://t.co/rSGnYVTFYu"
86,@BBC,87,Fri Apr 06 18:07:07 +0000 2018,0.0,1.0,0.0,0.0,ü§î Modern life is a mystery. https://t.co/a4817Iugzz
87,@BBC,88,Fri Apr 06 17:32:05 +0000 2018,0.0,1.0,0.0,0.0,"Tune in to #SLFN tonight for performances from @snowpatrol, @Meghan_Trainor, @yearsandyears and @halsey. üé∂üé§üéâ

Sound‚Ä¶ https://t.co/EFjiBk5upm"
88,@BBC,89,Fri Apr 06 16:13:08 +0000 2018,0.0,1.0,0.0,0.0,RT @bbcpointswest: ü§© Prince Harry and Meghan Markle arrive in Bath for the Invictus Games trials ü§© https://t.co/ywlHvaHt2z
89,@BBC,90,Fri Apr 06 16:08:04 +0000 2018,0.096,0.78,0.124,-0.1531,"üòÇ If you're going to get dumped on TV, it might as well be via @KylieMinogue. 

#TheGNShow | 10.35pm | @BBCOne https://t.co/CgfsjKjeob"
90,@BBC,91,Fri Apr 06 16:02:36 +0000 2018,0.047,0.621,0.332,-0.7777,"RT @BBCNewsround: Ever wondered why we cry when we chop onions? Now you'll have no excuse to avoid cooking dinner, sorry! üòÇhttps://t.co/SyX‚Ä¶"
91,@BBC,92,Fri Apr 06 15:23:45 +0000 2018,0.36,0.64,0.0,0.6037,"RT @BBCOne: MY OLD FRIEND.

#OrdealByInnocence #Sunshine https://t.co/vQBvcgLrCe"
92,@BBC,93,Fri Apr 06 15:22:01 +0000 2018,0.28,0.72,0.0,0.8126,"üéª Two years ago @ShekuKM won @BBCYoungMus. 
Now he wants to inspire other young people to pick up an instrument too‚Ä¶ https://t.co/fG0F3x2eDN"
93,@BBC,94,Fri Apr 06 15:20:18 +0000 2018,0.0,1.0,0.0,0.0,"RT @bbcgetinspired: She's only 11 years old, but @sport_wales' Anna Hursey is smashing it at #GC2018! üôå 

‚û° https://t.co/9sFYGzsgnQ #GetIns‚Ä¶"
94,@BBC,95,Fri Apr 06 15:02:33 +0000 2018,0.0,1.0,0.0,0.0,RT @bbcmusic: Counting down the seconds TBH üíÖ@LittleMix https://t.co/6UTrz9gqQr
95,@BBC,96,Fri Apr 06 15:02:05 +0000 2018,0.385,0.332,0.282,0.5499,üçûüçª Hate food waste but love beer? https://t.co/IL9jmlaMjs
96,@BBC,97,Fri Apr 06 14:30:39 +0000 2018,0.13,0.559,0.31,-0.5849,"RT @BBCRadio3: ""Stop being so selfish ‚Äì this isn‚Äôt about you."" Harsh words - or tough love?
Zeynep, Jess and Sam discuss one teacher‚Äôs cont‚Ä¶"
97,@BBC,98,Fri Apr 06 14:07:06 +0000 2018,0.0,1.0,0.0,0.0,"üêò ü¶èü¶íüî≠
Saving animals using space technology. https://t.co/gAwJcD2I2A"
98,@BBC,99,Fri Apr 06 13:02:05 +0000 2018,0.088,0.741,0.171,-0.4215,"üçøüéü From a near-silent horror film to an Australian Western, here are 8 movies worth watching in April. 
üëâ‚Ä¶ https://t.co/b15kbsQ7MD"
99,@BBC,100,Fri Apr 06 12:18:09 +0000 2018,0.0,1.0,0.0,0.0,RT @BBCOne: For all the drama queens. üëë https://t.co/RfdMDieaCZ
100,@CBS,1,Wed Apr 11 01:36:16 +0000 2018,0.0,1.0,0.0,0.0,"#ACMawards nominee @littlebigtown soars with their performance of ""Rocket Man."" #EltonSalute https://t.co/IjKKd7k7Gw"
101,@CBS,2,Wed Apr 11 01:35:24 +0000 2018,0.152,0.848,0.0,0.5267,RT @eltonofficial: Did you know @ladygaga‚Äôs fabulous outfit tonight is also a homage to this famous photo? Elton xo #EltonSalute #EltonREVA‚Ä¶
102,@CBS,3,Wed Apr 11 01:30:21 +0000 2018,0.291,0.709,0.0,0.5719,Life is wonderful when @ladygaga is on stage. #EltonSalute https://t.co/6TCYwDEOyN
103,@CBS,4,Wed Apr 11 01:28:02 +0000 2018,0.347,0.653,0.0,0.8779,"RT @RecordingAcad: W-O-W GRAMMY winner @AlessiaCara is giving us the ALL the music feels with a beautiful performance of ""I Guess That's Wh‚Ä¶"
104,@CBS,5,Wed Apr 11 01:23:10 +0000 2018,0.0,1.0,0.0,0.0,What an incredible performance from @alessiacara! #EltonSalute https://t.co/PVRl5Wia3c
105,@CBS,6,Wed Apr 11 01:18:48 +0000 2018,0.433,0.567,0.0,0.9042,"RT @eltonofficial: Such kind words from @samsmithworld, thank you. He‚Äôs a terrific guy, the nicest you‚Äôll ever meet. Elton xo #EltonSalute‚Ä¶"
106,@CBS,7,Wed Apr 11 01:05:50 +0000 2018,0.0,1.0,0.0,0.0,RT @eltonofficial: Here we go and what a way to start this #EltonSalute! @MileyCyrus gives her all to everything she does and she took the‚Ä¶
107,@CBS,8,Wed Apr 11 01:05:42 +0000 2018,0.289,0.711,0.0,0.7269,"""I feel quite close to you and it's nice to be here honoring you."" -@edsheeran #EltonSalute https://t.co/EMkrZzzUsM"
108,@CBS,9,Wed Apr 11 01:01:55 +0000 2018,0.293,0.707,0.0,0.4404,The stage is üî• thanks to @MileyCyrus. #EltonSalute https://t.co/QEh8k77H0J
109,@CBS,10,Wed Apr 11 00:59:36 +0000 2018,0.177,0.823,0.0,0.4199,Get ready to get on your feet and dance. The #EltonSalute starts NOW! https://t.co/rFiOTC7tlA
110,@CBS,11,Tue Apr 10 23:53:30 +0000 2018,0.093,0.907,0.0,0.1867,RT @reba: Don't miss Reba TONGHT on the @latelateshow at 12:37 AM ET / 11:37 PM CT! #ACMawards https://t.co/DHqeHuBzvi
111,@CBS,12,Tue Apr 10 23:19:45 +0000 2018,0.0,1.0,0.0,0.0,"He‚Äôs still standing, bangin' the keys‚Ä¶ and rockin' out! Stream the #EltonSalute TONIGHT at 9/8c on CBS and CBS All‚Ä¶ https://t.co/9TzixIliLf"
112,@CBS,13,Tue Apr 10 19:00:03 +0000 2018,0.248,0.688,0.064,0.6124,"Today's biggest artists including @littlebigtown, @edsheeran &amp; @MarenMorris share what an honor it is to pay their‚Ä¶ https://t.co/1Ebr8feo0R"
113,@CBS,14,Tue Apr 10 15:30:00 +0000 2018,0.253,0.747,0.0,0.6976,"The legendary @eltonofficial said ""It's the most wonderful feeling when someone records your song or sings your son‚Ä¶ https://t.co/Krlqs3qNck"
114,@CBS,15,Mon Apr 09 20:00:00 +0000 2018,0.221,0.779,0.0,0.6597,"Are you ready for a good time? Tomorrow, Elton John: I‚Äôm Still Standing - A GRAMMY¬ÆÔøº Salute airs at 9/8c on CBS and‚Ä¶ https://t.co/Z3Mnp1cJPa"
115,@CBS,16,Mon Apr 09 17:29:47 +0000 2018,0.0,1.0,0.0,0.0,"@edsheeran, @KeshaRose, @HaileeSteinfeld, @ActuallyNPH, and many more describe the impact that the music of Elton J‚Ä¶ https://t.co/wBwzWcWGAa"
116,@CBS,17,Mon Apr 09 17:00:02 +0000 2018,0.0,1.0,0.0,0.0,"Lights will come on for @Jason_Aldean when he takes the stage to perform at the 53rd #ACMawards on Sunday, April 15‚Ä¶ https://t.co/qPAbrFp4kQ"
117,@CBS,18,Mon Apr 09 15:00:00 +0000 2018,0.129,0.784,0.086,0.2732,Which state does @reba call home and which song was her first No. 1 single? Test your knowledge of the beloved coun‚Ä¶ https://t.co/Sp8icKpFNu
118,@CBS,19,Mon Apr 09 13:36:00 +0000 2018,0.214,0.786,0.0,0.6239,This just in! Thirteen-time ACM Award¬Æ winner @carrieunderwood will be performing her soon-to-be-released single li‚Ä¶ https://t.co/GEyjt4lFbb
119,@CBS,20,Mon Apr 09 01:42:06 +0000 2018,0.28,0.72,0.0,0.6467,It's time to celebrate! @MomCBS will be back for Season 6! https://t.co/ianxp6JWHq
120,@CBS,21,Sun Apr 08 22:00:01 +0000 2018,0.258,0.742,0.0,0.7096,@OldDominion's Matthew Ramsey is here with a friendly reminder - Country Music‚Äôs Party Of The Year¬Æ is just seven d‚Ä¶ https://t.co/SFnXxQLoPN
121,@CBS,22,Sun Apr 08 18:38:13 +0000 2018,0.146,0.854,0.0,0.5562,It all comes down to this! Stream Round 4 of #TheMasters Tournament on CBS live with a free trial of CBS All Access‚Ä¶ https://t.co/mNFSAUkLvZ
122,@CBS,23,Sun Apr 08 15:00:00 +0000 2018,0.108,0.892,0.0,0.4199,"@reba is ready for her hosting duties! In just one week, watch her take the stage at the 53rd #ACMawards. Tune in A‚Ä¶ https://t.co/TmjezmqPme"
123,@CBS,24,Sat Apr 07 19:35:08 +0000 2018,0.183,0.817,0.0,0.6696,Watch some of the biggest names in golf compete in one of the greatest tournaments of the year! Stream #TheMasters‚Ä¶ https://t.co/e8kbkSLx5k
124,@CBS,25,Sat Apr 07 18:28:03 +0000 2018,0.0,1.0,0.0,0.0,Tonight's the night! Here's a behind-the-scenes look at season 2 of @RansomCBS before the big premiere. Tune in at‚Ä¶ https://t.co/WtRHvufO7H
125,@CBS,26,Sat Apr 07 16:30:02 +0000 2018,0.106,0.894,0.0,0.3612,What song will @DierksBentley belt out when he takes the stage to perform at the 53rd #ACMawards? Get ready to sing‚Ä¶ https://t.co/oEtKJnKQVn
126,@CBS,27,Sat Apr 07 15:31:12 +0000 2018,0.0,1.0,0.0,0.0,"@johnlegend, @mirandalambert, @KeshaRose, and more perform @eltonofficial's hit songs! Watch Elton John: I'm Still‚Ä¶ https://t.co/VF3hf8OCT7"
127,@CBS,28,Fri Apr 06 21:10:18 +0000 2018,0.0,1.0,0.0,0.0,Ask 53rd ACM Awards¬Æ host @reba a question and she just may answer it on April 11 at 5:30p ET/2:30p PT when she tak‚Ä¶ https://t.co/DAa5gQS8oX
128,@CBS,29,Fri Apr 06 17:00:00 +0000 2018,0.0,1.0,0.0,0.0,What‚Äôs @eltonofficial's birth name and which of his songs holds the record for biggest selling single of all time?‚Ä¶ https://t.co/N5qkMYCE7e
129,@CBS,30,Fri Apr 06 13:45:00 +0000 2018,0.0,1.0,0.0,0.0,Do you have a question for country music legend and host of the 53rd ACM Awards¬Æ @reba? Write it below for a chance‚Ä¶ https://t.co/yVVDVFpxDM
130,@CBS,31,Thu Apr 05 21:44:00 +0000 2018,0.194,0.806,0.0,0.5859,How well do you know The Academy of Country Music Awards‚Ñ¢? Test your knowledge of Country Music‚Äôs Party of the Year‚Ä¶ https://t.co/lfWAcvAbZa
131,@CBS,32,Thu Apr 05 19:07:48 +0000 2018,0.241,0.759,0.0,0.6597,"RT @CodeBlackCBS: The intensity and emotions of your favorite show are returning to @CBS in 3 weeks.

Get excited. https://t.co/aGUNIPwRjh"
132,@CBS,33,Thu Apr 05 17:00:00 +0000 2018,0.074,0.769,0.157,-0.3875,"Don't miss @littlebigtown's amazing performance of @eltonofficial's ""Rocket Man"" under the big spotlight at Elton J‚Ä¶ https://t.co/bqse7nhkV3"
133,@CBS,34,Wed Apr 04 22:07:01 +0000 2018,0.313,0.687,0.0,0.807,Today's biggest stars are celebrating @EltonJohn's most beloved and legendary catalogue of hits with two albums dro‚Ä¶ https://t.co/cilUdkKtjQ
134,@CBS,35,Wed Apr 04 21:48:07 +0000 2018,0.288,0.712,0.0,0.7568,"RT @LifeInPiecesCBS: We ""literally can't even"" with how hilarious these #LifeInPieces outtakes are! üòÇ

Introducing Laughing To Pieces! Foll‚Ä¶"
135,@CBS,36,Wed Apr 04 21:47:26 +0000 2018,0.366,0.634,0.0,0.8495,"RT @YoungSheldon: Don't miss guest star @Followtheblonde in tomorrow's all-new #YoungSheldon! Trust us, you're going to love every minute.‚Ä¶"
136,@CBS,37,Wed Apr 04 21:46:13 +0000 2018,0.197,0.803,0.0,0.4926,RT @MomCBS: Tomorrow's episode of #Mom is going to be a doggone good one! https://t.co/e1WI3uOxVg
137,@CBS,38,Wed Apr 04 21:44:17 +0000 2018,0.0,0.905,0.095,-0.3182,RT @survivorcbs: There's a lot at stake when competing for actual steak. Get a glimpse at an all-new #Survivor: Ghost Island at 8/7c on CBS‚Ä¶
138,@CBS,39,Wed Apr 04 18:02:13 +0000 2018,0.0,0.867,0.133,-0.25,RT @TVLine: #LifeInPieces Sneak Peek: Sophia and Her Stuffed Toys Stage a Musical¬†Protest https://t.co/r16SLZlZPc
139,@CBS,40,Tue Apr 03 23:00:00 +0000 2018,0.0,1.0,0.0,0.0,Whose catchy tune will take Song Of The Year at the 53rd #ACMawards? Give it up for the four nominees -‚Ä¶ https://t.co/R9MtUNZtsw
140,@CBS,41,Tue Apr 03 21:00:02 +0000 2018,0.0,1.0,0.0,0.0,"Here's everything you need to know before tuning into Elton John: I'm Still Standing - A GRAMMY¬Æ Salute on Tuesday,‚Ä¶ https://t.co/C8fiKl4j98"
141,@CBS,42,Tue Apr 03 18:00:00 +0000 2018,0.258,0.742,0.0,0.7096,"In just one week, @eltonofficial and today's hottest stars in music will join together to celebrate Elton's countle‚Ä¶ https://t.co/ACQGHNWz8u"
142,@CBS,43,Tue Apr 03 05:17:01 +0000 2018,0.421,0.579,0.0,0.7906,Tonight we #LightItUpBlue for greater understanding and acceptance. CBS supports #WorldAutismAwarenessDay by lighti‚Ä¶ https://t.co/hBAXcDvP4r
143,@CBS,44,Mon Apr 02 17:30:00 +0000 2018,0.116,0.792,0.092,0.1513,No one does it quite like @eltonofficial. The artist himself will belt out some of his chart-topping hits on Elton‚Ä¶ https://t.co/ckY4bUvTXI
144,@CBS,45,Sun Apr 01 17:00:03 +0000 2018,0.202,0.798,0.0,0.6486,The Las Vegas strip is about to light up brighter than ever before when Country Music‚Äôs Party Of The Year¬Æ takes ov‚Ä¶ https://t.co/j1A2ZVHAoO
145,@CBS,46,Sat Mar 31 18:00:00 +0000 2018,0.0,1.0,0.0,0.0,"‚ÄúIf you don‚Äôt do something about it, then who are you? ‚Ä¶ It can happen to anyone.‚Äù - @aplusk 

Tonight at 10/9c, a‚Ä¶ https://t.co/EQabNc1UZI"
146,@CBS,47,Sat Mar 31 15:30:00 +0000 2018,0.113,0.887,0.0,0.4199,Give it up for @KelseaBallerini! This star is one of the Female Vocalist Of The Year nominees and she's ready to ta‚Ä¶ https://t.co/wLyHwkEGs2
147,@CBS,48,Fri Mar 30 16:50:00 +0000 2018,0.127,0.873,0.0,0.4926,Take and post a photo of the woman in your life who inspires you! The photo should only have one person against a n‚Ä¶ https://t.co/BHdxXlWfKP
148,@CBS,49,Thu Mar 29 17:32:40 +0000 2018,0.0,1.0,0.0,0.0,"Expect epic performances by @kanebrown , @kelly_clarkson, @OfficialJackson, and more at this year's 53rd #ACMawards‚Ä¶ https://t.co/3yso7Z0cjv"
149,@CBS,50,Thu Mar 29 17:30:02 +0000 2018,0.0,1.0,0.0,0.0,"Will @HIGHVALLEY, @LancoMusic, @LOCASHmusic, @MidlandOfficial, or @runawayjune be named New Vocal Duo Or Group Of T‚Ä¶ https://t.co/v0QIPLC47R"
150,@CBS,51,Tue Mar 27 21:00:01 +0000 2018,0.212,0.68,0.108,0.3818,Count on Entertainer Of The Year nominee @LukeBryanOnline to crash the party with an epic performance at the 53rd‚Ä¶ https://t.co/27ua60HTqu
151,@CBS,52,Tue Mar 27 17:00:00 +0000 2018,0.099,0.901,0.0,0.296,Join @eltonofficial and some of today's hottest names in music when they take the stage to perform his most memorab‚Ä¶ https://t.co/jz0jaShZIj
152,@CBS,53,Mon Mar 26 22:14:25 +0000 2018,0.12,0.88,0.0,0.508,"RT @ACMawards: The ACM for New Vocal Group of the Year goes to @MidlandOfficial! And yes, that really was @Reba on the phone! #ACMawards ht‚Ä¶"
153,@CBS,54,Mon Mar 26 20:42:48 +0000 2018,0.0,1.0,0.0,0.0,"RT @ACMawards: In case you didn‚Äôt know, the ACM for New Male Vocalist of the Year goes to @BrettYoungMusic. Check out his reaction when @Re‚Ä¶"
154,@CBS,55,Mon Mar 26 16:59:19 +0000 2018,0.214,0.786,0.0,0.7959,RT @ACMawards: Over the weekend @Reba called the ACM New Artist of the Year winners to let them know they had won! Let‚Äôs just say our New F‚Ä¶
155,@CBS,56,Mon Mar 26 16:05:18 +0000 2018,0.378,0.622,0.0,0.807,"Congratulations to the 53rd #ACMawards New Artist winners @Lauren_Alaina, @MidlandOfficial, and @BrettYoungMusic! W‚Ä¶ https://t.co/Fr8H4arwGj"
156,@CBS,57,Sun Mar 25 23:57:34 +0000 2018,0.0,1.0,0.0,0.0,New start times in East/Central Time Zones #60Minutes 7:35ET/6:35CT #Instinct  8:35ET/7:35CT #NCISLA 9:35ET/8:35CT‚Ä¶ https://t.co/8W5hAeLrvs
157,@CBS,58,Sun Mar 25 17:15:25 +0000 2018,0.157,0.78,0.062,0.5319,Don‚Äôt miss a minute of the action. Stream the¬†Elite Eight¬Æ¬†games LIVE today starting at 2PM ET with a FREE trial of‚Ä¶ https://t.co/8NwU8HdiHR
158,@CBS,59,Sat Mar 24 22:46:53 +0000 2018,0.199,0.801,0.0,0.5399,RT @MomCBS: That's a wrap on the #Mom panel at #PaleyFest! Thanks for following along! https://t.co/we4JgqPt6P
159,@CBS,60,Sat Mar 24 22:46:43 +0000 2018,0.115,0.7,0.185,-0.34,RT @MomCBS: A fan just commented that #Mom helped bring him out of a deep depression. üíúüíúüíú #PaleyFest
160,@CBS,61,Sat Mar 24 22:25:03 +0000 2018,0.209,0.791,0.0,0.7003,"RT @MomCBS: ""Go out for it anyway. If you're good for the role, you're good for the role."" @theJaimePressly's advice for aspiring actors wi‚Ä¶"
161,@CBS,62,Sat Mar 24 22:21:37 +0000 2018,0.0,1.0,0.0,0.0,RT @MomCBS: Mom Co-Creator @GemmaRBaker just pointed out her own #Mom in the audience at #PaleyFest! üíú
162,@CBS,63,Sat Mar 24 22:21:34 +0000 2018,0.0,1.0,0.0,0.0,"RT @MomCBS: ""I'm not someone in recovery who goes to AA, but I have taken so much away from it...to take one day at a time."" - @theJaimePre‚Ä¶"
163,@CBS,64,Sat Mar 24 22:21:26 +0000 2018,0.333,0.667,0.0,0.7184,"RT @MomCBS: ""You get to appreciate working with such talented people."" - @AnnaKFaris #Mom #PaleyFest"
164,@CBS,65,Sat Mar 24 22:21:23 +0000 2018,0.42,0.58,0.0,0.9451,RT @MomCBS: ‚ÄúI love this job. I love working with these women. I love working in front of the live audience‚Ä¶ It‚Äôs alive and it‚Äôs fun.‚Äù - @A‚Ä¶
165,@CBS,66,Sat Mar 24 20:00:02 +0000 2018,0.0,1.0,0.0,0.0,"Get on your feet for @Jason_Aldean, @ThomasRhett, @ChrisStapleton, @KeithUrban, and @ChrisYoungMusic, the five nomi‚Ä¶ https://t.co/oT5ogjdj4x"
166,@CBS,67,Fri Mar 23 22:33:52 +0000 2018,0.194,0.806,0.0,0.6996,Get ready for some sweet games! Stream #5 Clemson vs #1 Kansas LIVE at 7PM ET and #11 Syracuse vs #2 Duke LIVE at 9‚Ä¶ https://t.co/4WstgrKNnW
167,@CBS,68,Fri Mar 23 22:33:04 +0000 2018,0.314,0.686,0.0,0.4939,RT @SEALTeamCBS: In honor of #NationalPuppyDay... üòç #SEALTeam https://t.co/4mIZPpiRlU
168,@CBS,69,Fri Mar 23 22:32:48 +0000 2018,0.355,0.645,0.0,0.8997,"RT @HawaiiFive0CBS: Nothing like a man and his dog! üòçüê∂ Happy #NationalPuppyDay to Eddie, the best pup on the Five-0 Task Force! #H50 https:‚Ä¶"
169,@CBS,70,Thu Mar 22 22:10:29 +0000 2018,0.0,1.0,0.0,0.0,Game on! 16 teams left and the race to the finish continues tonight. Stream #11 Loyola-Chicago vs #7 Nevada LIVE at‚Ä¶ https://t.co/W374rmzzoC
170,@CBS,71,Thu Mar 22 20:52:02 +0000 2018,0.311,0.623,0.066,0.7081,Save the date! These are season finales you do NOT want to miss. RT if you're excited! https://t.co/UUQoWsPPSh https://t.co/cDl4WmxMtU
171,@CBS,72,Thu Mar 22 00:23:38 +0000 2018,0.198,0.802,0.0,0.636,Congratulations to all of the @CBSDaytime nominees for the #DaytimeEmmys! See the full list of #DaytimeEmmy nominee‚Ä¶ https://t.co/ivJVJWvfsf
172,@CBS,73,Wed Mar 21 18:00:01 +0000 2018,0.0,1.0,0.0,0.0,Female Vocalist Of The Year nominee @MarenMorris will show her fans how it‚Äôs done when she takes the stage to showc‚Ä¶ https://t.co/PITjmAoFT8
173,@CBS,74,Tue Mar 20 20:00:01 +0000 2018,0.142,0.858,0.0,0.5106,The legendary @Reba returns to host the 53rd #ACMawards and she‚Äôs proving just how comfortable she is behind the mi‚Ä¶ https://t.co/XPXcSPRXqC
174,@CBS,75,Tue Mar 20 17:58:43 +0000 2018,0.0,1.0,0.0,0.0,RT @nancyodell: Told my daughter I'd be presenting at @ACMawards again this year. (Woot woot!We both luv country music!)She took this pic o‚Ä¶
175,@CBS,76,Tue Mar 20 16:52:42 +0000 2018,0.174,0.826,0.0,0.5562,RT @ladyantebellum: Ecstatic to announce we'll be performing at the #ACMawards in Las Vegas again this year! https://t.co/Qfhs94j6FR
176,@CBS,77,Tue Mar 20 16:11:00 +0000 2018,0.0,1.0,0.0,0.0,"Country superstars @kennychesney, @ladyantebellum, @blakeshelton, and @KeithUrban have just been added to the stell‚Ä¶ https://t.co/bJ4If7MacP"
177,@CBS,78,Mon Mar 19 21:02:26 +0000 2018,0.309,0.619,0.072,0.7845,"RT @YandR_CBS: Forever evolving, Forever inspiring, Forever Young and Restless. ‚ù§Ô∏è Get ready to celebrate 45 years of #YR starting in just‚Ä¶"
178,@CBS,79,Sun Mar 18 23:44:30 +0000 2018,0.0,1.0,0.0,0.0,New start times in East/Central Time Zones: #60Minutes 7:37ET/6:37CT #Instinct series premiere 8:37ET/7:37CT‚Ä¶ https://t.co/xT3YKqmu2M
179,@CBS,80,Sun Mar 18 18:05:43 +0000 2018,0.213,0.787,0.0,0.6514,Spend your Sunday streaming Second Round games LIVE with a FREE trial of CBS All Access! https://t.co/3P85rXLy4b https://t.co/zbWfirD9Ju
180,@CBS,81,Sun Mar 18 17:09:53 +0000 2018,0.08,0.92,0.0,0.1867,"RT @instinctcbs: TONIGHT, Dr. Dylan Reinhart rewrites the book on abnormal behavior. Don't miss the premiere of #Instinct at 8/7c! https://‚Ä¶"
181,@CBS,82,Sat Mar 17 19:00:02 +0000 2018,0.0,1.0,0.0,0.0,"If any duo knows how to rock the stage, it's @FLAGALine. The Vocal Duo Of The Year nominee will perform live at the‚Ä¶ https://t.co/FknabB8NQp"
182,@CBS,83,Sat Mar 17 17:42:43 +0000 2018,0.161,0.839,0.0,0.6166,How is your bracket looking after last night? Stream Second Round games LIVE today with a FREE trial of CBS All Acc‚Ä¶ https://t.co/25JlIpgwog
183,@CBS,84,Sat Mar 17 14:00:03 +0000 2018,0.247,0.753,0.0,0.7096,Where better to spend #StPatricksDay than the place everybody knows your name? It‚Äôs just your luck that every singl‚Ä¶ https://t.co/Fom5wmdENL
184,@CBS,85,Fri Mar 16 22:53:21 +0000 2018,0.104,0.896,0.0,0.296,Stars @JakeMcDorman and Nik Dodani will join the cast in the upcoming revival of Murphy Brown coming to CBS.‚Ä¶ https://t.co/JCAx29lo0i
185,@CBS,86,Fri Mar 16 18:15:53 +0000 2018,0.0,1.0,0.0,0.0,"RT @thegoodfight: Go behind the scenes with costume designer @DanLawsonStyle in ""Behind The Style,"" a new weekly video series all about the‚Ä¶"
186,@CBS,87,Fri Mar 16 16:28:40 +0000 2018,0.178,0.822,0.0,0.6514,The games have just begun! Continue to stream First Round games LIVE today with a FREE trial of CBS All Access:‚Ä¶ https://t.co/YTGsJ48zYP
187,@CBS,88,Thu Mar 15 17:54:06 +0000 2018,0.237,0.763,0.0,0.7088,"RT @TheTalkCBS: You asked, we answered! The fun never ends when the ladies #KeepTalking and answer your fan questions üó£üí¨‚û°Ô∏è https://t.co/ie1‚Ä¶"
188,@CBS,89,Thu Mar 15 17:20:26 +0000 2018,0.077,0.766,0.157,-0.4939,RT @instinctcbs: Dr. Dylan Reinhart is lured back into the field from his life of quiet academia when a certain serial killer makes things‚Ä¶
189,@CBS,90,Thu Mar 15 16:42:41 +0000 2018,0.194,0.806,0.0,0.6514,Stream First Round games LIVE today starting at 12PM ET with a FREE trial of CBS All Access! https://t.co/3P85rXLy4b https://t.co/vZow3YD8cb
190,@CBS,91,Thu Mar 15 14:32:16 +0000 2018,0.266,0.734,0.0,0.6115,RT @CBSSports: It's the most wonderful time of the year. #MarchMadness https://t.co/e4c9qohqSR
191,@CBS,92,Wed Mar 14 19:30:01 +0000 2018,0.219,0.781,0.0,0.6696,"Give these ladies some love! @Lauren_Alaina, @DBradbery, @carlypearce, and @RaeLynn are nominated for New Female Vo‚Ä¶ https://t.co/IVhwURfJ3S"
192,@CBS,93,Tue Mar 13 18:48:52 +0000 2018,0.143,0.857,0.0,0.3612,"RT @ManWithAPlan: Hungry for more #ManWithAPlan bloopers and behind-the-scenes videos featuring cast like @matt_leblanc, @thelizasnyder, @k‚Ä¶"
193,@CBS,94,Tue Mar 13 14:15:10 +0000 2018,0.179,0.821,0.0,0.539,"Music stars @MileyCyrus, @edsheeran, @ladygaga, and more will honor the legendary @eltonofficial and his hit songs‚Ä¶ https://t.co/UzxARCCLnI"
194,@CBS,95,Mon Mar 12 18:13:28 +0000 2018,0.083,0.917,0.0,0.2244,RT @thegoodfight: The verdict is in. The new season of #TheGoodFight is üî•üî•üî•! Stream it now on CBS All Access: https://t.co/FkYSNSXlRb https‚Ä¶
195,@CBS,96,Mon Mar 12 01:20:43 +0000 2018,0.0,1.0,0.0,0.0,"RT @MadamSecretary: In less than an hour, #MadamSecretary's Keith Carradine will be taking over the @MadamSecretary Twitter page! Tweet alo‚Ä¶"
196,@CBS,97,Fri Mar 09 22:48:26 +0000 2018,0.117,0.883,0.0,0.4926,RT @DierksBentley: Take and post a photo of the woman in your life who inspires you daily! Use the hashtag #WomanAmenACM in your post for a‚Ä¶
197,@CBS,98,Fri Mar 09 22:24:20 +0000 2018,0.113,0.795,0.092,0.1275,"RT @MomCBS: If you missed guest star @KChenoweth in the latest episode of #Mom, not to worry! Watch now: https://t.co/RlvXoGOZ0l https://t.‚Ä¶"
198,@CBS,99,Fri Mar 09 21:10:21 +0000 2018,0.177,0.823,0.0,0.4215,"Give a round of applause to @KelseaBallerini, @MirandaLambert, @Reba, @MarenMorris, and @CarrieUnderwood, the five‚Ä¶ https://t.co/Ncp1BTXx6N"
199,@CBS,100,Fri Mar 09 18:27:28 +0000 2018,0.447,0.553,0.0,0.8658,"RT @thegoodfight: Smart, sexy, and sophisticated. See what's coming this season on #TheGoodFight. https://t.co/CuKhx2G50P https://t.co/ygTI‚Ä¶"
200,@CNN,1,Wed Apr 11 01:41:27 +0000 2018,0.111,0.889,0.0,0.3612,"Stormy Daniels' attorney Michael Avenatti: ""I think Michael Cohen is going to fold like a cheap deck of cards on Mr‚Ä¶ https://t.co/V1KhUbdGic"
201,@CNN,2,Wed Apr 11 01:40:21 +0000 2018,0.0,1.0,0.0,0.0,"Stormy Daniels' attorney Michael Avenatti says his client is ""going to corporate fully"" with federal investigators‚Ä¶ https://t.co/XEnUjbNq3q"
202,@CNN,3,Wed Apr 11 01:35:20 +0000 2018,0.11,0.89,0.0,0.3818,"RT @AC360: Sen. Amy Klobuchar says Facebook users should be ""very concerned"" with the integrity of their information that Facebook has acce‚Ä¶"
203,@CNN,4,Wed Apr 11 01:33:08 +0000 2018,0.0,1.0,0.0,0.0,A London council has taken the unprecedented step of establishing a buffer zone outside a sexual health clinic in a‚Ä¶ https://t.co/bC5YknrKZR
204,@CNN,5,Wed Apr 11 01:26:41 +0000 2018,0.079,0.698,0.223,-0.4767,"With international criticism of Israel's response to Gaza protests growing, video emerged on Monday appearing to sh‚Ä¶ https://t.co/pN93rJbppQ"
205,@CNN,6,Wed Apr 11 01:23:26 +0000 2018,0.0,1.0,0.0,0.0,The US can't back down against China | By Stephen Moore via @CNNOpinion https://t.co/P1NVPBV8ne https://t.co/gu2FiwSQBK
206,@CNN,7,Wed Apr 11 01:18:03 +0000 2018,0.0,1.0,0.0,0.0,Mark Zuckerberg emerged unscathed from a Senate committee hearing in part because most of the senators who asked hi‚Ä¶ https://t.co/6i11Yl6DeG
207,@CNN,8,Wed Apr 11 01:12:23 +0000 2018,0.167,0.833,0.0,0.5859,Mike Pompeo is moving behind the scenes to win over moderate Democratic senators who could provide a lifeline to hi‚Ä¶ https://t.co/nFG0AJY84r
208,@CNN,9,Wed Apr 11 00:56:43 +0000 2018,0.0,1.0,0.0,0.0,"Mark Zuckerberg started Facebook out of his Harvard University dorm room in 2004. During his Senate testimony, he m‚Ä¶ https://t.co/qBI5MYxEVY"
209,@CNN,10,Wed Apr 11 00:51:29 +0000 2018,0.0,1.0,0.0,0.0,President Trump is set to have dinner at the White House on Tuesday evening with law professor and high-profile def‚Ä¶ https://t.co/9qUhJ77044
210,@CNN,11,Wed Apr 11 00:50:11 +0000 2018,0.139,0.861,0.0,0.4404,"Finding it harder than expected to get his legislative agenda accomplished on Capitol Hill, President Trump is look‚Ä¶ https://t.co/dHM3DDo2tO"
211,@CNN,12,Wed Apr 11 00:44:54 +0000 2018,0.106,0.789,0.105,0.0094,"RT @AC360: Sen. Richard Blumenthal says President Trump would have much more reason to fire special counsel Robert Mueller now: ""This raid‚Ä¶"
212,@CNN,13,Wed Apr 11 00:42:38 +0000 2018,0.101,0.899,0.0,0.2023,"Geoffrey Berman, a top federal prosecutor in Manhattan, was recused from the investigation into President Trump's p‚Ä¶ https://t.co/cGGrmjReiU"
213,@CNN,14,Wed Apr 11 00:30:18 +0000 2018,0.112,0.64,0.248,-0.5267,"Carl Bernstein: ""We have a President of the United States willing to risk a constitutional crisis for this nation s‚Ä¶ https://t.co/nSqPntulRT"
214,@CNN,15,Wed Apr 11 00:25:11 +0000 2018,0.108,0.819,0.073,0.2354,"""I'm just not sure we connected. He was too rehearsed, he did too good of a job. I wanted him just to come in, and‚Ä¶ https://t.co/5PB2WonHDo"
215,@CNN,16,Wed Apr 11 00:17:45 +0000 2018,0.198,0.802,0.0,0.4939,Special counsel Robert Mueller‚Äôs investigators met with members of President Trump‚Äôs legal team on the same day tha‚Ä¶ https://t.co/k7BY8w7BxE
216,@CNN,17,Wed Apr 11 00:15:55 +0000 2018,0.13,0.87,0.0,0.4019,"President Trump tried to end special counsel Robert Mueller's probe in December, marking the second known attempt t‚Ä¶ https://t.co/OW3CZuw2bZ"
217,@CNN,18,Wed Apr 11 00:10:58 +0000 2018,0.0,1.0,0.0,0.0,Zuckerberg testified before Congress for 5 hours today https://t.co/RMv1F4GFk8 https://t.co/utP3HotcCG
218,@CNN,19,Wed Apr 11 00:05:34 +0000 2018,0.0,0.942,0.058,-0.0572,"""I don't want anyone at our company to make any decisions based on the political ideology of the content."" Zuckerbe‚Ä¶ https://t.co/uBGThmsGAD"
219,@CNN,20,Tue Apr 10 23:54:13 +0000 2018,0.0,1.0,0.0,0.0,"A doctor who ran a fertility clinic in Canada used his own sperm to father at least 11 children, a class-action law‚Ä¶ https://t.co/6sGeEVVJLb"
220,@CNN,21,Tue Apr 10 23:52:21 +0000 2018,0.0,1.0,0.0,0.0,RT @CNNPhotos: Mark Zuckerberg testifies on Capitol Hill. Photos by @StephenVoss: https://t.co/1RE8rpZxoE https://t.co/rbCySMfYOJ
221,@CNN,22,Tue Apr 10 23:49:43 +0000 2018,0.0,1.0,0.0,0.0,"RT @OutFrontCNN: ""I think the adults who have been supervising him have mostly left, and I think he feels that he can do almost anything he‚Ä¶"
222,@CNN,23,Tue Apr 10 23:47:02 +0000 2018,0.133,0.867,0.0,0.3818,President Trump has signed an executive order directing federal agencies to promote employment for those on public‚Ä¶ https://t.co/vB98yjM5br
223,@CNN,24,Tue Apr 10 23:35:38 +0000 2018,0.168,0.659,0.174,-0.0258,How the Senate's tech illiteracy saved Mark Zuckerberg | Analysis by @CillizzaCNN https://t.co/Jjsu5UJerC https://t.co/TsOCsgHAjh
224,@CNN,25,Tue Apr 10 23:31:30 +0000 2018,0.0,1.0,0.0,0.0,Why Trump chickened out of going to Peru https://t.co/fLkGqZXNkn via @CNNOpinion https://t.co/8ziy1DEZDT
225,@CNN,26,Tue Apr 10 23:31:00 +0000 2018,0.163,0.837,0.0,0.5106,"Trump lawyer Michael Cohen says the FBI was ‚Äúprofessional, courteous, respectful‚Äù during raid, counter to Trump‚Äôs d‚Ä¶ https://t.co/8ldq5EIaOV"
226,@CNN,27,Tue Apr 10 23:28:10 +0000 2018,0.0,0.824,0.176,-0.6705,"The school board in Broward County, Florida -- where a gunman killed 17 students and staff members at one of its hi‚Ä¶ https://t.co/ZHX2HMO7Dk"
227,@CNN,28,Tue Apr 10 23:25:47 +0000 2018,0.0,0.891,0.109,-0.296,"Arizona students covered under the DACA program can no longer receive breaks on college tuition, the state's Suprem‚Ä¶ https://t.co/9zS9Jf2HdU"
228,@CNN,29,Tue Apr 10 23:22:45 +0000 2018,0.253,0.633,0.113,0.4767,"""The President and his supporters can keep calling special counsel Robert Mueller's investigation a 'witch hunt,' b‚Ä¶ https://t.co/Juf2qXG6zk"
229,@CNN,30,Tue Apr 10 23:08:35 +0000 2018,0.0,0.876,0.124,-0.34,BREAKING: President Trump is considering firing Deputy Attorney General Rod Rosenstein in an effort to put greater‚Ä¶ https://t.co/C9Tbkxmo5y
230,@CNN,31,Tue Apr 10 23:00:41 +0000 2018,0.176,0.824,0.0,0.4939,"Sen. John Kennedy had a blunt message for Facebook CEO Mark Zuckerberg: ""Your user agreement sucks.""‚Ä¶ https://t.co/hmTTN6SWeU"
231,@CNN,32,Tue Apr 10 22:54:53 +0000 2018,0.107,0.817,0.076,0.2112,"RT @CNNSitRoom: The FBI raid was ""upsetting to say the least,"" Michael Cohen tells CNN‚Äôs @donlemon, but does not fault the FBI agents https‚Ä¶"
232,@CNN,33,Tue Apr 10 22:46:12 +0000 2018,0.0,0.789,0.211,-0.6808,"Asked by @donlemon if he was worried, Trump lawyer Michael Cohen said, ""I would be lying to you if I told that I am‚Ä¶ https://t.co/IbPDvP3lie"
233,@CNN,34,Tue Apr 10 22:46:08 +0000 2018,0.251,0.749,0.0,0.5719,"Mark Zuckerberg tells Sen. Cory Booker that he is ""committed"" to ensuring activist groups like Black Lives Matter a‚Ä¶ https://t.co/lJIEDvXCp8"
234,@CNN,35,Tue Apr 10 22:42:41 +0000 2018,0.0,1.0,0.0,0.0,"In his first comments since the FBI raid on his home and office, Trump lawyer Michael Cohen said the FBI agents ""we‚Ä¶ https://t.co/u4CnBiwRqe"
235,@CNN,36,Tue Apr 10 22:40:06 +0000 2018,0.0,0.847,0.153,-0.4404,"While testifying before Congress, Mark Zuckerberg denied that Facebook is listening in on users' phone calls‚Ä¶ https://t.co/6JeeNNQJJW"
236,@CNN,37,Tue Apr 10 22:34:05 +0000 2018,0.0,1.0,0.0,0.0,"Sen. Blumenthal said he was ""dissatisfied"" with Mark Zuckerberg's testimony before Congress https://t.co/5NTRTCZ8xx https://t.co/hx5FABTEhM"
237,@CNN,38,Tue Apr 10 22:31:04 +0000 2018,0.283,0.717,0.0,0.743,"JUST IN: Michael Cohen says FBI were 'professional, courteous, respectful' in raids, counter to Trump's depiction o‚Ä¶ https://t.co/hdVfnUxr4M"
238,@CNN,39,Tue Apr 10 22:25:23 +0000 2018,0.0,1.0,0.0,0.0,Why trillion-dollar budget deficits may be on a fast track to $2 trillion https://t.co/ZJlTG0DU6r https://t.co/0kox8paOzu
239,@CNN,40,Tue Apr 10 22:08:55 +0000 2018,0.0,0.828,0.172,-0.4019,"Congress, let Facebook fix its own problems | By Alice Stewart via @CNNOpinion https://t.co/67U28UPTdL https://t.co/2IgkO7ooYa"
240,@CNN,41,Tue Apr 10 22:07:06 +0000 2018,0.0,0.876,0.124,-0.3089,"Sen. Dan Sullivan asks Mark Zuckerberg, ""Is Facebook too powerful?"" Zuckerberg didn't say yes or no‚Ä¶ https://t.co/C8p20Pxvvt"
241,@CNN,42,Tue Apr 10 22:07:04 +0000 2018,0.0,1.0,0.0,0.0,What happens to communications swept up in the FBI raid on the office and hotel room of Michael Cohen? That's where‚Ä¶ https://t.co/ivzRY7eUfC
242,@CNN,43,Tue Apr 10 22:00:05 +0000 2018,0.0,1.0,0.0,0.0,"Facebook CEO Mark Zuckerberg confirmed during his testimony before Congress, that his company is cooperating with s‚Ä¶ https://t.co/pa19jTmP1z"
243,@CNN,44,Tue Apr 10 21:57:07 +0000 2018,0.0,0.868,0.132,-0.4404,Facebook's data scandal has gotten a lot more personal for millions of users. Here's what to do if your information‚Ä¶ https://t.co/g0dzBHGhO5
244,@CNN,45,Tue Apr 10 21:52:02 +0000 2018,0.0,1.0,0.0,0.0,"Prices at the pump are likely to be 14% higher than last summer ‚Äî an average of $2.74 per gallon, the US government‚Ä¶ https://t.co/YAqRJdiDG7"
245,@CNN,46,Tue Apr 10 21:46:43 +0000 2018,0.0,0.766,0.234,-0.5994,"When Sen. Chris Coons confronted Mark Zuckerberg about fake profiles, Zuckerberg said Facebook needs to do a better‚Ä¶ https://t.co/hxkpmdeFGk"
246,@CNN,47,Tue Apr 10 21:36:43 +0000 2018,0.0,0.894,0.106,-0.2263,A lawsuit against Harvard on behalf of Asian-American students moved a step further as a US district judge proposed‚Ä¶ https://t.co/orkd3Wi3zB
247,@CNN,48,Tue Apr 10 21:29:19 +0000 2018,0.119,0.881,0.0,0.3182,America made a promise in 1968. It's time to keep it. | By Heather K. Way via @CNNOpinion https://t.co/Bv3jvsilaj https://t.co/7EpdiAlOue
248,@CNN,49,Tue Apr 10 21:25:25 +0000 2018,0.106,0.681,0.213,-0.3612,"As US President Donald Trump promised to respond ""forcefully"" to a suspected chemical attack in Syria within ""24 or‚Ä¶ https://t.co/k7xe2PkdeQ"
249,@CNN,50,Tue Apr 10 21:21:20 +0000 2018,0.12,0.769,0.111,0.0516,Chinese investment in the United States plummeted in 2017. And that was before a trade fight erupted between the tw‚Ä¶ https://t.co/ewYiDY4m8Y
250,@CNN,51,Tue Apr 10 21:18:49 +0000 2018,0.0,1.0,0.0,0.0,A federal court has ruled that employers cannot use salary history to justify paying women less than men for the sa‚Ä¶ https://t.co/NgZNXO4H4j
251,@CNN,52,Tue Apr 10 21:12:22 +0000 2018,0.0,0.928,0.072,-0.1027,Sen. Cruz grilled Zuckerberg over whether Facebook has political bias. Zuckerberg said Facebook's goal is not to en‚Ä¶ https://t.co/DUe6OsZeYn
252,@CNN,53,Tue Apr 10 21:04:26 +0000 2018,0.253,0.747,0.0,0.7269,"Sen. Durbin presses Zuckerberg on privacy issues, asking: ""Would you be comfortable sharing with us the name of the‚Ä¶ https://t.co/sesLkVzO6n"
253,@CNN,54,Tue Apr 10 20:58:00 +0000 2018,0.0,1.0,0.0,0.0,"EMILY's List President Stephanie Schriock says there is an ""avalanche"" of women running for office, and it's nothin‚Ä¶ https://t.co/htAXuIBE2P"
254,@CNN,55,Tue Apr 10 20:49:08 +0000 2018,0.129,0.489,0.382,-0.6908,"The ""Roseanne"" reboot is ugly, uncomfortable and distressing. Good. | By Richard Morgan via @CNNOpinion‚Ä¶ https://t.co/AdU4y0eptm"
255,@CNN,56,Tue Apr 10 20:47:12 +0000 2018,0.0,0.924,0.076,-0.1027,"After questioning Mark Zuckerberg, Senator Graham told reporters that he thought the Facebook CEO was ‚Äúlike Jell-O‚Äù‚Ä¶ https://t.co/T9F061mH2H"
256,@CNN,57,Tue Apr 10 20:43:28 +0000 2018,0.0,0.876,0.124,-0.34,The White House just let slip a big secret about the possibility of firing Robert Mueller | Analysis by‚Ä¶ https://t.co/L4h4LPvDD1
257,@CNN,58,Tue Apr 10 20:39:38 +0000 2018,0.0,0.828,0.172,-0.4019,The right's insane sliming of David Hogg | By Jill Filipovic via @CNNOpinion https://t.co/KZovIX0L6I https://t.co/vENpv089UK
258,@CNN,59,Tue Apr 10 20:37:20 +0000 2018,0.0,1.0,0.0,0.0,"After a brief recess, Facebook CEO Mark Zuckerberg continues to testify before Congress https://t.co/310VEWUDqZ
Wat‚Ä¶ https://t.co/cJsFXrbtag"
259,@CNN,60,Tue Apr 10 20:37:02 +0000 2018,0.0,0.879,0.121,-0.296,"A 12-year-old video showing a sheriff discussing the cost of inmate and suspect deaths, versus keeping them alive,‚Ä¶ https://t.co/npWvBbq84O"
260,@CNN,61,Tue Apr 10 20:33:17 +0000 2018,0.0,0.735,0.265,-0.5574,A woman died after being given formaldehyde instead of saline https://t.co/IfR9k8BL2u https://t.co/Nh1RBQ7dt2
261,@CNN,62,Tue Apr 10 20:32:04 +0000 2018,0.059,0.941,0.0,0.0516,"""We've seen the apology tours before."" Sen. Richard Blumenthal has staffers stand behind him and hold up a sign tha‚Ä¶ https://t.co/m9otTfXHfP"
262,@CNN,63,Tue Apr 10 20:25:37 +0000 2018,0.295,0.705,0.0,0.7717,"Facebook stock finished the day with a 4.5% gain, a seeming sign of confidence in Zuckerberg from Wall Street‚Ä¶ https://t.co/UWFv4R8CKY"
263,@CNN,64,Tue Apr 10 20:20:51 +0000 2018,0.0,0.76,0.24,-0.6249,Why the Parkland crisis continues to resonate | By John Heubusch via @CNNOpinion https://t.co/cWRcjWafzA https://t.co/CDvWuqmcZ0
264,@CNN,65,Tue Apr 10 20:19:05 +0000 2018,0.0,1.0,0.0,0.0,Zuckerberg says he's totally behind this piece of legislation that would disclose political ads‚Ä¶ https://t.co/O1dmbGVk4l
265,@CNN,66,Tue Apr 10 20:15:09 +0000 2018,0.1,0.632,0.268,-0.6705,"Just four days after a bus crash killed 15 people, including 10 young hockey players, a GoFundMe to help the victim‚Ä¶ https://t.co/U3BEKhnjSN"
266,@CNN,67,Tue Apr 10 20:14:06 +0000 2018,0.0,0.833,0.167,-0.296,Is Zuckerberg under oath right now? The answer is no. https://t.co/TO4Wh4J8ss https://t.co/CxIFRNr1km
267,@CNN,68,Tue Apr 10 20:10:22 +0000 2018,0.118,0.882,0.0,0.34,Russia has vetoed a US draft resolution at the UN Security Council that would have established an independent inves‚Ä¶ https://t.co/AN6lVg9UGN
268,@CNN,69,Tue Apr 10 20:09:25 +0000 2018,0.0,1.0,0.0,0.0,Zuckerberg says he doesn't know if Facebook employees were involved with Cambridge Analytica during the 2016 presid‚Ä¶ https://t.co/Kxzwk2VZwJ
269,@CNN,70,Tue Apr 10 20:04:20 +0000 2018,0.061,0.847,0.092,-0.1685,"""I want to clarify, I'm not sure we have subpoenas. I know we're working with them,"" Zuckerberg said after confirmi‚Ä¶ https://t.co/Qsvv0Z7zFU"
270,@CNN,71,Tue Apr 10 20:01:46 +0000 2018,0.231,0.769,0.0,0.5859,Kellyanne Conway's husband appears to be defending special counsel Robert Mueller's investigation as well as the FB‚Ä¶ https://t.co/85jRT6Rm1z
271,@CNN,72,Tue Apr 10 19:59:29 +0000 2018,0.0,1.0,0.0,0.0,"Sen. Graham asks Zuckerberg about Facebook's competition, ""You don't think you have a monopoly?""‚Ä¶ https://t.co/x3bZxSVFNk"
272,@CNN,73,Tue Apr 10 19:57:24 +0000 2018,0.0,0.896,0.104,-0.1027,Equal pay activist Lilly Ledbetter wants to meet with Ivanka Trump https://t.co/uGqN7YKi9a https://t.co/w0AHoimYta
273,@CNN,74,Tue Apr 10 19:57:06 +0000 2018,0.0,1.0,0.0,0.0,These demonstrators before the joint hearing of the Senate Judiciary and Commerce Committees with Mark Zuckerberg s‚Ä¶ https://t.co/TGxMvEmwdU
274,@CNN,75,Tue Apr 10 19:52:01 +0000 2018,0.0,1.0,0.0,0.0,"Sen. Lindsey Graham asks Mark Zuckerberg about Facebook's Terms of Service, holding up a printed version, adds that‚Ä¶ https://t.co/bVT1FQ3yFU"
275,@CNN,76,Tue Apr 10 19:49:51 +0000 2018,0.194,0.806,0.0,0.624,Michael Cohen and the absolutely amazing history of the once-coveted New York City taxi medallion | Analysis by‚Ä¶ https://t.co/koAiwfzsHF
276,@CNN,77,Tue Apr 10 19:47:04 +0000 2018,0.095,0.905,0.0,0.296,"Shares of Facebook were up about 2% when the hearing began, and they moved even higher as CEO Mark Zuckerberg addre‚Ä¶ https://t.co/AQj1HRuOcZ"
277,@CNN,78,Tue Apr 10 19:42:15 +0000 2018,0.0,0.921,0.079,-0.2023,"Sinclair CEO on the controversial promos read by local anchors: ""We do not let extremists on any side of the politi‚Ä¶ https://t.co/39MMBLK3ZX"
278,@CNN,79,Tue Apr 10 19:41:59 +0000 2018,0.162,0.838,0.0,0.4019,Mark Zuckerberg says Facebook may have been served subpoenas from Special Counsel Mueller's office‚Ä¶ https://t.co/gbRrc3gXnL
279,@CNN,80,Tue Apr 10 19:36:01 +0000 2018,0.0,0.76,0.24,-0.4767,Bankers are getting anxious as lawmakers wrestle with a bill that would cut regulations https://t.co/xcxpxIE0JD https://t.co/wo1GQa4JK6
280,@CNN,81,Tue Apr 10 19:34:42 +0000 2018,0.118,0.882,0.0,0.4215,"Sen. Cantwell says to Zuckerberg, ""I believe you have all the talent, my question is whether you have all the will‚Ä¶ https://t.co/8UqFuc1s66"
281,@CNN,82,Tue Apr 10 19:32:33 +0000 2018,0.153,0.847,0.0,0.4019,Polls show the GOP is now President Trump's party | Analysis by CNN's Harry Enten https://t.co/ON672cHRwC https://t.co/rjlJ7BSiOD
282,@CNN,83,Tue Apr 10 19:27:07 +0000 2018,0.195,0.805,0.0,0.5574,"""We want to offer a free service that everyone can afford."" Zuckerberg says the first line of Facebook's terms of s‚Ä¶ https://t.co/Ev4roGonfk"
283,@CNN,84,Tue Apr 10 19:26:08 +0000 2018,0.067,0.933,0.0,0.0762,"Sen Hatch asks Zuckerberg, ""How do you sustain a business model in which users don't pay for your service?""‚Ä¶ https://t.co/1T9vUpRuy9"
284,@CNN,85,Tue Apr 10 19:22:42 +0000 2018,0.163,0.739,0.097,0.4019,"Zuckerberg says that one of his greatest regrets in running Facebook is ""that we were slow in identifying the Russi‚Ä¶ https://t.co/Thu7Lo4L1d"
285,@CNN,86,Tue Apr 10 19:22:06 +0000 2018,0.0,1.0,0.0,0.0,"""It's extraordinary to hold a joint committee hearing. It's even more extraordinary to have a single CEO testify be‚Ä¶ https://t.co/WDCcSU2OcY"
286,@CNN,87,Tue Apr 10 19:21:59 +0000 2018,0.117,0.779,0.104,0.0772,"JUST IN: President Trump ""believes he has the power to"" fire special counsel Robert Mueller, White House press secr‚Ä¶ https://t.co/8Oai9qtDzM"
287,@CNN,88,Tue Apr 10 19:17:52 +0000 2018,0.171,0.829,0.0,0.4754,Zuckerberg: We need to take a more proactive role and a broader view of our responsibility https://t.co/NPHrJM7GGX https://t.co/9Ih1I5u4X8
288,@CNN,89,Tue Apr 10 19:14:36 +0000 2018,0.0,1.0,0.0,0.0,Mark Zuckerberg says when Facebook first learned of Cambridge Analytica buying data from an app developer on Facebo‚Ä¶ https://t.co/T03jZbWojq
289,@CNN,90,Tue Apr 10 19:12:05 +0000 2018,0.0,1.0,0.0,0.0,Here's everything Zuckerberg just said in his opening remarks to members of the Senate committees:‚Ä¶ https://t.co/RAAvkXbIxP
290,@CNN,91,Tue Apr 10 19:05:23 +0000 2018,0.142,0.766,0.092,0.0772,"""It's clear now that we didn't do enough to prevent these tools from being used for harm...It was my mistake, and I‚Ä¶ https://t.co/aeJwZipXdG"
291,@CNN,92,Tue Apr 10 19:03:03 +0000 2018,0.0,0.872,0.128,-0.4215,Zuckerberg and his team held mock hearings to prepare for today's grilling. A conference room at Facebook was set u‚Ä¶ https://t.co/7XECcVlJA9
292,@CNN,93,Tue Apr 10 19:02:39 +0000 2018,0.0,1.0,0.0,0.0,"Zuckerberg says, ""Advertisers and developers will never take priority over that as long as I am running Facebook"" https://t.co/q6tL8M7eeQ"
293,@CNN,94,Tue Apr 10 18:58:04 +0000 2018,0.0,1.0,0.0,0.0,"This attendee of Mark Zuckerberg's testimony before Congress is wearing a handmade shirt that says ""#DeleteFacebook‚Ä¶ https://t.co/3nzxGM0E0B"
294,@CNN,95,Tue Apr 10 18:57:43 +0000 2018,0.0,1.0,0.0,0.0,Zuckerberg says before Congress: It's not enough to just connect people https://t.co/gotW9k8299 https://t.co/eoxESUU44q
295,@CNN,96,Tue Apr 10 18:56:04 +0000 2018,0.133,0.867,0.0,0.3818,"Sen. Nelson says in his opening remarks to Mark Zuckerberg, ""Facebook has a responsibility to protect this personal‚Ä¶ https://t.co/yOgPJyJXtV"
296,@CNN,97,Tue Apr 10 18:55:11 +0000 2018,0.0,1.0,0.0,0.0,"White House press secretary Sarah Sanders on the FBI raid of Trump lawyer Michael Cohen's office: ""I think that the‚Ä¶ https://t.co/r8Hua5JoNk"
297,@CNN,98,Tue Apr 10 18:53:30 +0000 2018,0.0,1.0,0.0,0.0,"Facebook CEO Mark Zuckerberg is testifying before Congress.

Watch on CNN: https://t.co/UYpqI3w42L

Watch on Facebo‚Ä¶ https://t.co/oSGLlmF3ry"
298,@CNN,99,Tue Apr 10 18:46:07 +0000 2018,0.124,0.876,0.0,0.4019,RT @CNNPolitics: White House press secretary Sarah Sanders says President Trump thinks special counsel Robert Mueller‚Äôs probe ‚Äúhas gone too‚Ä¶
299,@CNN,100,Tue Apr 10 18:40:58 +0000 2018,0.08,0.92,0.0,0.0772,"Facebook CEO Mark Zuckerberg is testifying before Congress: https://t.co/GM8O5wobAa

Have questions? We want to hea‚Ä¶ https://t.co/yakAlqbwhF"
300,@FoxNews,1,Wed Apr 11 01:41:27 +0000 2018,0.249,0.751,0.0,0.7159,".@AlanDersh: ‚ÄúThe lawyer-client privilege is as sacrosanct as that, and there has to be a very, very good reason be‚Ä¶ https://t.co/cbzQwkl9Pi"
301,@FoxNews,2,Wed Apr 11 01:27:54 +0000 2018,0.0,0.872,0.128,-0.3597,".@jasoninthehouse: ""There is absolutely no reason that Congress shouldn‚Äôt be able to see everything that the inspec‚Ä¶ https://t.co/qWXqNwborH"
302,@FoxNews,3,Wed Apr 11 01:25:51 +0000 2018,0.0,0.735,0.265,-0.5574,.@WhiteHouse removes African nation of Chad from travel ban list https://t.co/GgIY6iAEPE
303,@FoxNews,4,Wed Apr 11 01:12:00 +0000 2018,0.0,1.0,0.0,0.0,.@RandPaul: ‚ÄúWe never should have had Mueller in the first place because we‚Äôve given too much power to a prosecutor‚Ä¶ https://t.co/zv480kEC4z
304,@FoxNews,5,Wed Apr 11 01:00:24 +0000 2018,0.0,1.0,0.0,0.0,Broward school board votes against participation in program allowing armed district employees https://t.co/BFZAUmL8wD
305,@FoxNews,6,Wed Apr 11 00:45:08 +0000 2018,0.308,0.692,0.0,0.5994,Most of Texas border community supports fence expansion: 'something secure for us' https://t.co/951jh1Nrvm
306,@FoxNews,7,Wed Apr 11 00:34:46 +0000 2018,0.122,0.608,0.27,-0.296,"#Zuckerberg touts plans to protect Facebook users, but Congress appears skeptical  https://t.co/JP0IpSdSPM"
307,@FoxNews,8,Wed Apr 11 00:22:23 +0000 2018,0.096,0.904,0.0,0.2023,"Raid on Michael Cohen's home likely executed after significant evidence was found in Mueller probe, analyst says https://t.co/Vy1Njozpxh"
308,@FoxNews,9,Wed Apr 11 00:08:44 +0000 2018,0.176,0.824,0.0,0.4939,"'Your User Agreement Sucks': Sen. John Kennedy Presses #Zuckerberg on Privacy, 'Covering Facebook's Rear End' https://t.co/B5VfE0hb3I"
309,@FoxNews,10,Wed Apr 11 00:00:49 +0000 2018,0.0,1.0,0.0,0.0,"David Rodibaugh, director of Indiana Soybean Alliance, on potential impact of tariffs: ‚ÄúThere is the potential that‚Ä¶ https://t.co/s9NfSxC9XM"
310,@FoxNews,11,Tue Apr 10 23:50:00 +0000 2018,0.0,0.63,0.37,-0.5709,'Absolutely Ridiculous Question': @PressSec Asked Whether #Trump Considered Resigning https://t.co/yrgaBTHm7F
311,@FoxNews,12,Tue Apr 10 23:41:27 +0000 2018,0.144,0.523,0.333,-0.4404,.@HarrisFaulkner shares tips for navigating the dreaded gender pay gap https://t.co/PFiBdcYUXd
312,@FoxNews,13,Tue Apr 10 23:28:36 +0000 2018,0.25,0.75,0.0,0.4588,Fast food employee's 'beautiful' act of kindness goes viral https://t.co/mvo8TE4Ny7
313,@FoxNews,14,Tue Apr 10 23:18:20 +0000 2018,0.0,0.821,0.179,-0.5719,".@ChrisCoons: ‚ÄúOne person‚Äôs hate speech, in the context that @BenSasse was just talking about, is another person‚Äôs‚Ä¶ https://t.co/3SSOKsUiib"
314,@FoxNews,15,Tue Apr 10 23:12:29 +0000 2018,0.0,1.0,0.0,0.0,".@ChrisCoons: ‚ÄúAmericans should know how their data‚Äôs being used, and it should be used with their knowledge and wi‚Ä¶ https://t.co/4ueMLuIXB7"
315,@FoxNews,16,Tue Apr 10 23:04:02 +0000 2018,0.0,1.0,0.0,0.0,.@continetti: ‚Äú@POTUS has been a disruptor to Washington. He has everybody reacting to his actions with one excepti‚Ä¶ https://t.co/Y8b5H3ZHDj
316,@FoxNews,17,Tue Apr 10 22:57:45 +0000 2018,0.0,0.779,0.221,-0.5267,Madeleine Albright hits Obama for not acting on Syria 'red line' threat https://t.co/OI3azxArau
317,@FoxNews,18,Tue Apr 10 22:47:17 +0000 2018,0.0,0.783,0.217,-0.5574,TN Communities Hold Vigils for Illegal Immigrants Nabbed by ICE at Meatpacking Plant https://t.co/mvOUljuctt
318,@FoxNews,19,Tue Apr 10 22:19:07 +0000 2018,0.0,0.847,0.153,-0.4404,.@facebook CEO Mark Zuckerberg continues to testify before Congress in the wake of a data privacy scandal. https://t.co/qK8LILCylA
319,@FoxNews,20,Tue Apr 10 22:00:44 +0000 2018,0.0,1.0,0.0,0.0,Mark Zuckerberg: ‚ÄúThis is an ongoing ‚Äòarms race.‚Äô As long as there are people sitting in Russia whose job it is is‚Ä¶ https://t.co/LZ22kPZQOf
320,@FoxNews,21,Tue Apr 10 21:54:38 +0000 2018,0.0,1.0,0.0,0.0,.@SenDanSullivan: ‚ÄúWhich are you: are you a tech company or are you the world‚Äôs largest publisher? Because I think‚Ä¶ https://t.co/RsdXS1ZyxC
321,@FoxNews,22,Tue Apr 10 21:44:50 +0000 2018,0.207,0.793,0.0,0.5719,.@SenMarkey: ‚ÄúWould you support a child online privacy ‚ÄòBill of Rights‚Äô for kids under 16 to guarantee that that in‚Ä¶ https://t.co/TZx3MzcKPW
322,@FoxNews,23,Tue Apr 10 21:37:55 +0000 2018,0.0,0.714,0.286,-0.6808,".@BenSasse: ‚ÄúAs a dad, do you worry about social media addiction as a problem for America‚Äôs teens?‚Äù https://t.co/RzeOnYs98D"
323,@FoxNews,24,Tue Apr 10 21:28:49 +0000 2018,0.158,0.789,0.053,0.3415,.@BenSasse: ‚ÄúI wouldn‚Äôt want you to leave here today and think there‚Äôs sort of a unified view in the Congress that‚Ä¶ https://t.co/q8sYd9WaRR
324,@FoxNews,25,Tue Apr 10 21:24:25 +0000 2018,0.091,0.909,0.0,0.2263,".@ChrisCoons: ‚ÄúAt the end of the day, policies aren‚Äôt worth the paper they‚Äôre written on if Facebook doesn‚Äôt enforc‚Ä¶ https://t.co/Hci3TzFAeE"
325,@FoxNews,26,Tue Apr 10 21:08:54 +0000 2018,0.369,0.631,0.0,0.765,".@SenMikeLee: ‚ÄúIsn‚Äôt there a significant free market incentive that a social media company, including yours, has in‚Ä¶ https://t.co/gNJsC453ib"
326,@FoxNews,27,Tue Apr 10 21:01:39 +0000 2018,0.0,1.0,0.0,0.0,"Mark Zuckerberg: ‚ÄúWhat we‚Äôre going to do is require a valid government identity, and we‚Äôre going to verify the loca‚Ä¶ https://t.co/VuySdsks78"
327,@FoxNews,28,Tue Apr 10 20:53:20 +0000 2018,0.198,0.802,0.0,0.5709,Mark #Zuckerberg: ‚ÄúI am very committed to making sure that Facebook is a platform for all ideas. That is a very imp‚Ä¶ https://t.co/iVpDo7kiIj
328,@FoxNews,29,Tue Apr 10 20:49:18 +0000 2018,0.194,0.806,0.0,0.6249,.@SenTedCruz: ‚ÄúThere are a great many Americans who I think are deeply concerned that Facebook and other tech compa‚Ä¶ https://t.co/TCzT77K4de
329,@FoxNews,30,Tue Apr 10 20:40:42 +0000 2018,0.0,1.0,0.0,0.0,".@SenTedCruz: ‚ÄúDoes Facebook consider itself a neutral public forum?‚Äù

Mark #Zuckerberg: ‚ÄúSenator, we consider ours‚Ä¶ https://t.co/B1lRtloF9O"
330,@FoxNews,31,Tue Apr 10 20:33:58 +0000 2018,0.13,0.87,0.0,0.4019,".@JohnCornyn: ""If I choose to terminate my Facebook account, can I bar Facebook or any third parties from using the‚Ä¶ https://t.co/SQQ1T5j1a7"
331,@FoxNews,32,Tue Apr 10 20:33:53 +0000 2018,0.0,0.847,0.153,-0.4404,".@Facebook CEO Mark Zuckerberg testifies before Congress in the wake of a data privacy scandal. 

Live blog:‚Ä¶ https://t.co/xNe5pu66re"
332,@FoxNews,33,Tue Apr 10 20:15:56 +0000 2018,0.276,0.724,0.0,0.7269,"""No""

Mark #Zuckerberg responds to @SenatorDurbin's questions on if he would feel comfortable sharing with the comm‚Ä¶ https://t.co/0APyWC8mQZ"
333,@FoxNews,34,Tue Apr 10 20:08:20 +0000 2018,0.132,0.868,0.0,0.4404,"Mark #Zuckerberg on Facebook‚Äôs terms of service: We can always do better, and the services are complex‚Ä¶I think for‚Ä¶ https://t.co/4hXP6HGVYj"
334,@FoxNews,35,Tue Apr 10 19:59:44 +0000 2018,0.0,0.896,0.104,-0.296,"Mark #Zuckerberg: ‚ÄúMy position is not that there should be no regulation‚Ä¶I think the real question, as the internet‚Ä¶ https://t.co/pUyQ1FpmGf"
335,@FoxNews,36,Tue Apr 10 19:56:49 +0000 2018,0.112,0.79,0.098,0.0747,"RT @FoxBusiness: .@LindseyGrahamSC: ""You don't think you have a monopoly?""

Zuckerberg: ""It certainly doesn't feel like that to me."" https:‚Ä¶"
336,@FoxNews,37,Tue Apr 10 19:48:55 +0000 2018,0.137,0.863,0.0,0.4019,"""I know we're working with [the special counsel].""

Mark #Zuckerberg confirms @facebook has been working with speci‚Ä¶ https://t.co/KfuyW7jsiv"
337,@FoxNews,38,Tue Apr 10 19:46:34 +0000 2018,0.182,0.818,0.0,0.4404,Mark #Zuckerberg: ‚ÄúI think everyone in the world deserves good privacy protection.‚Äù https://t.co/Il5feaxDRW https://t.co/ILgTZtpBf2
338,@FoxNews,39,Tue Apr 10 19:40:41 +0000 2018,0.0,1.0,0.0,0.0,Mark Zuckerberg: ‚ÄúThere will always be a version of Facebook that is free.‚Äù https://t.co/OHxw1bMM93
339,@FoxNews,40,Tue Apr 10 19:35:31 +0000 2018,0.216,0.784,0.0,0.5267,"Mark Zuckerberg: ‚ÄúAfter the 2016 election, our top priority was protecting the integrity of other elections around‚Ä¶ https://t.co/livEyBm3x2"
340,@FoxNews,41,Tue Apr 10 19:33:19 +0000 2018,0.163,0.739,0.097,0.4019,Mark Zuckerberg: ‚ÄúOne of my greatest regrets in running the company is that we were slow in identifying the Russian‚Ä¶ https://t.co/xIjGH1kPIW
341,@FoxNews,42,Tue Apr 10 19:26:31 +0000 2018,0.108,0.892,0.0,0.3182,Mark Zuckerberg: ‚ÄúIt‚Äôs not enough to just build tools. We need to make sure that they‚Äôre used for good.‚Äù‚Ä¶ https://t.co/eQm3XUQrDr
342,@FoxNews,43,Tue Apr 10 19:18:03 +0000 2018,0.0,1.0,0.0,0.0,Mark Zuckerberg on Facebook privacy policy: ‚ÄúLong privacy policies are very confusing‚Ä¶We don‚Äôt expect that most peo‚Ä¶ https://t.co/uOHSFI9Fhk
343,@FoxNews,44,Tue Apr 10 19:09:37 +0000 2018,0.245,0.755,0.0,0.7783,"RT @FoxBusiness: Zuckerberg: ""Across the board we have a responsibility to not just build tools, but to make sure they're used for good. It‚Ä¶"
344,@FoxNews,45,Tue Apr 10 19:06:48 +0000 2018,0.163,0.837,0.0,0.4019,Mark Zuckerberg: ‚ÄúIt‚Äôs clear now that we didn‚Äôt do enough to prevent these tools from being used for harm‚Ä¶We didn‚Äôt‚Ä¶ https://t.co/cBa3oQPu4W
345,@FoxNews,46,Tue Apr 10 19:05:27 +0000 2018,0.349,0.651,0.0,0.5994,"Mark Zuckerberg: ‚ÄúWe face a number of important issues around privacy, safety, and democracy.‚Äù‚Ä¶ https://t.co/BcIxivQRkj"
346,@FoxNews,47,Tue Apr 10 18:58:25 +0000 2018,0.269,0.731,0.0,0.5994,"RT @FoxBusiness: Mark Zuckerberg delivers an opening statement: ""We face a number of important issues around privacy, safety, and democracy‚Ä¶"
347,@FoxNews,48,Tue Apr 10 18:58:12 +0000 2018,0.362,0.638,0.0,0.6249,Mark Zuckerberg: ‚ÄúFacebook is an idealistic and optimistic company.‚Äù https://t.co/Il5feaxDRW https://t.co/pgCF8Pa6kL
348,@FoxNews,49,Tue Apr 10 18:54:40 +0000 2018,0.331,0.602,0.067,0.836,.@PressSec on Tom Bossert: ‚ÄúHe resigned. The president feels he‚Äôs done a great job and wishes him the best as he mo‚Ä¶ https://t.co/mtS87PR6D0
349,@FoxNews,50,Tue Apr 10 18:52:54 +0000 2018,0.0,1.0,0.0,0.0,"RT @FoxBusiness: .@SenBillNelson: ""If you and other social media companies do not get your act in order, none of us are going to have any p‚Ä¶"
350,@FoxNews,51,Tue Apr 10 18:51:56 +0000 2018,0.053,0.779,0.168,-0.5859,.@PressSec on Syria crisis: ‚ÄúWe‚Äôre going to continue to work with a number of our partners and allies as we determi‚Ä¶ https://t.co/B8s2Quo9Mo
351,@FoxNews,52,Tue Apr 10 18:45:15 +0000 2018,0.149,0.851,0.0,0.4215,.@SenFeinstein to Mark Zuckerberg: ‚ÄúYou have a real opportunity this afternoon to lead the industry and demonstrate‚Ä¶ https://t.co/2ETQv4jfo9
352,@FoxNews,53,Tue Apr 10 18:39:01 +0000 2018,0.195,0.805,0.0,0.34,".@SenJohnThune: ‚ÄúToday‚Äôs hearing is extraordinary‚Ä¶In many respects, Facebook‚Äôs incredible reach is why we‚Äôre here t‚Ä¶ https://t.co/SXchuXamIp"
353,@FoxNews,54,Tue Apr 10 18:31:43 +0000 2018,0.0,1.0,0.0,0.0,Feds request documents from Trump Organization related to Michael Cohen's payment to Stormy Daniels - via‚Ä¶ https://t.co/nKtJciJBCd
354,@FoxNews,55,Tue Apr 10 18:31:22 +0000 2018,0.0,1.0,0.0,0.0,Facebook's Mark Zuckerberg testifies before Senate committees https://t.co/Il5feaxDRW https://t.co/UKEQTxL4tl
355,@FoxNews,56,Tue Apr 10 18:30:26 +0000 2018,0.0,1.0,0.0,0.0,".@Facebook CEO Mark Zuckerberg testifies before Congress. 

Live blog: https://t.co/Il5feaxDRW https://t.co/OqG4FdSUeZ"
356,@FoxNews,57,Tue Apr 10 18:26:30 +0000 2018,0.0,0.833,0.167,-0.34,Los Angeles painting city streets white in bid to combat climate change https://t.co/wnrEqTzmCW
357,@FoxNews,58,Tue Apr 10 18:16:27 +0000 2018,0.0,1.0,0.0,0.0,LIVE BLOG: Facebook's Mark Zuckerberg testifies before Senate committees https://t.co/Il5feaxDRW
358,@FoxNews,59,Tue Apr 10 18:01:22 +0000 2018,0.0,1.0,0.0,0.0,Awaiting: @WhiteHouse briefing and Mark Zuckerberg hearing https://t.co/hsmssS2hbP
359,@FoxNews,60,Tue Apr 10 17:45:00 +0000 2018,0.0,0.591,0.409,-0.8658,"T.J. Miller arrested at NYC airport after making false bomb threat on Amtrak train, officials say https://t.co/YuMd5KbZLG"
360,@FoxNews,61,Tue Apr 10 17:34:51 +0000 2018,0.177,0.696,0.127,0.2023,Puppy in Texas Rescued After Getting Head Stuck in Car Wheel https://t.co/rJwe7uUEpy https://t.co/Dtayq6fKz3
361,@FoxNews,62,Tue Apr 10 17:34:04 +0000 2018,0.255,0.604,0.141,0.4019,"Tennessee woman says 'it's a miracle' her wallet, purse blocked bullets https://t.co/TW61TsvxIR"
362,@FoxNews,63,Tue Apr 10 17:14:02 +0000 2018,0.0,0.783,0.217,-0.5574,TN Communities Hold Vigils for Illegal Immigrants Nabbed by ICE at Meatpacking Plant https://t.co/GJ3Ix2IQNB
363,@FoxNews,64,Tue Apr 10 17:06:37 +0000 2018,0.0,1.0,0.0,0.0,Obamas won't be attending Meghan Markle and Prince Harry's wedding https://t.co/7bTlBnFsCa
364,@FoxNews,65,Tue Apr 10 16:50:47 +0000 2018,0.392,0.468,0.14,0.6486,Starbucks baristas celebrate engagement with coffee-filled photo shoot (via @JaninePuhak) https://t.co/tWt3f52imV
365,@FoxNews,66,Tue Apr 10 16:38:44 +0000 2018,0.341,0.659,0.0,0.4767,.@FLOTUS comforts child who spilled water https://t.co/BERxpZCGXY
366,@FoxNews,67,Tue Apr 10 16:33:47 +0000 2018,0.255,0.745,0.0,0.6249,Sen. @RandPaul: FBI Raid on Trump's Attorney Was 'Great Overstep' by Mueller https://t.co/TVaz6Q6N9r
367,@FoxNews,68,Tue Apr 10 16:24:59 +0000 2018,0.154,0.537,0.309,-0.5106,.@POTUS: ‚ÄúWe‚Äôre making sure that terrorism funding is stopped.‚Äù https://t.co/781KLXUBgk
368,@FoxNews,69,Tue Apr 10 15:47:54 +0000 2018,0.211,0.789,0.0,0.4939,"Amber Heard donates $7M Johnny Depp divorce settlement to children's hospital, charities https://t.co/JJXSWTKBgc"
369,@FoxNews,70,Tue Apr 10 15:39:38 +0000 2018,0.0,1.0,0.0,0.0,Former #Trump administration officials: A list of notable departures https://t.co/0YfN6m9FGX
370,@FoxNews,71,Tue Apr 10 15:38:34 +0000 2018,0.157,0.843,0.0,0.3818,.@SenJohnKennedy: ‚ÄúIt seems to me that Facebook has an obligation to protect people‚Äôs data.‚Äù https://t.co/G4uvFBgNSQ
371,@FoxNews,72,Tue Apr 10 15:37:19 +0000 2018,0.0,0.851,0.149,-0.1027,Would you pay $20 million for a license plate? https://t.co/jcn7gsDwtd
372,@FoxNews,73,Tue Apr 10 15:25:50 +0000 2018,0.235,0.765,0.0,0.4588,.@SenJohnKennedy: ‚ÄúI don‚Äôt want to have to regulate Facebook. Clearly though we have a problem.‚Äù https://t.co/Tk5PHNmg8n
373,@FoxNews,74,Tue Apr 10 15:15:00 +0000 2018,0.0,0.699,0.301,-0.6486,6 dead when Arizona plane crashes shortly after takeoff (via @travfed)  https://t.co/ARuWr8WJ2V
374,@FoxNews,75,Tue Apr 10 15:10:17 +0000 2018,0.194,0.806,0.0,0.34,Awaiting U.N. Security Council Vote on Syria; @EricShawnTV reports https://t.co/ZyUcHIjt9z https://t.co/BIHnjDOI1D
375,@FoxNews,76,Tue Apr 10 15:05:00 +0000 2018,0.229,0.471,0.3,-0.296,Popular Black Lives Matter Facebook page exposed as fraud https://t.co/5LEm09NrrM (via @christocarbone)
376,@FoxNews,77,Tue Apr 10 15:02:48 +0000 2018,0.163,0.68,0.156,0.0258,"Homeland Security Adviser Tom Bossert resigns, White House says - via @brookefoxnews 
https://t.co/yZpJ4fnQca"
377,@FoxNews,78,Tue Apr 10 14:54:56 +0000 2018,0.0,0.844,0.156,-0.34,Tennessee college senior defends posing for graduation picture with gun in her waistband https://t.co/c2J6kUR9Mt
378,@FoxNews,79,Tue Apr 10 14:51:57 +0000 2018,0.189,0.63,0.181,0.0258,"Homeland Security Adviser Tom Bossert resigns, White House says https://t.co/KfE9TCOPik"
379,@FoxNews,80,Tue Apr 10 14:50:55 +0000 2018,0.179,0.641,0.179,0.0,Rare Titanic love letter up for auction offers insight into life on the doomed ocean liner https://t.co/1LpbaSGD7V
380,@FoxNews,81,Tue Apr 10 14:42:00 +0000 2018,0.164,0.395,0.441,-0.6369,Stocks surge as fears of trade war ease https://t.co/qACcop2qJo
381,@FoxNews,82,Tue Apr 10 14:39:24 +0000 2018,0.175,0.657,0.168,0.0258,"Homeland Security Adviser Tom Bossert resigns, White House says https://t.co/XT4zAgm28q https://t.co/A8CSrtqTAK"
382,@FoxNews,83,Tue Apr 10 14:25:27 +0000 2018,0.153,0.701,0.146,0.0258,"BREAKING NEWS: Homeland Security Adviser Tom Bossert resigns, White House says https://t.co/XT4zAgm28q https://t.co/JI2TLsxz5z"
383,@FoxNews,84,Tue Apr 10 14:16:22 +0000 2018,0.0,1.0,0.0,0.0,"Life-sized cutouts depicting Facebook CEO Mark Zuckerberg wearing ""Fix Fakebook"" T-shirts are displayed by an advoc‚Ä¶ https://t.co/9qwPeQqGUl"
384,@FoxNews,85,Tue Apr 10 14:11:42 +0000 2018,0.091,0.909,0.0,0.128,"Moments ago, President @realDonaldTrump tweeted about hosting America‚Äôs senior defense and military leaders for din‚Ä¶ https://t.co/u4bNIAYrBW"
385,@FoxNews,86,Tue Apr 10 14:05:55 +0000 2018,0.0,0.803,0.197,-0.4019,"Florida motorcyclist rammed, driven off road by mystery driver during dispute https://t.co/tVEdOMxE8q"
386,@FoxNews,87,Tue Apr 10 14:03:14 +0000 2018,0.0,1.0,0.0,0.0,Trump's National Guard request for US-Mexico border draws response from surrounding states https://t.co/yY8vBnKM5X
387,@FoxNews,88,Tue Apr 10 14:01:32 +0000 2018,0.0,1.0,0.0,0.0,"RT @FoxBusiness: Kroger to hire 11,000 employees and invest $500 million in associate wages, training and development over the next three y‚Ä¶"
388,@FoxNews,89,Tue Apr 10 14:00:10 +0000 2018,0.188,0.812,0.0,0.6326,.@RandPaul: ‚ÄúScott Pruitt has really been the champion for deregulation and deregulation has been a big part in our‚Ä¶ https://t.co/6y6odhIpvV
389,@FoxNews,90,Tue Apr 10 13:56:50 +0000 2018,0.0,1.0,0.0,0.0,.@RandPaul: ‚ÄúWe never should have had Mueller in the first place because we‚Äôve given too much power to a prosecutor‚Ä¶ https://t.co/iDGMQofVo8
390,@FoxNews,91,Tue Apr 10 13:53:04 +0000 2018,0.265,0.735,0.0,0.6597,".@RandPaul: ‚ÄúGoing after someone‚Äôs personal attorney is a great overstep, I think, in the authority of the prosecut‚Ä¶ https://t.co/t11ydWzAf6"
391,@FoxNews,92,Tue Apr 10 13:44:26 +0000 2018,0.0,0.853,0.147,-0.2263,.@POTUS cancels trip to South America to oversee 'response to Syria' https://t.co/C2mhUdTcms
392,@FoxNews,93,Tue Apr 10 13:10:00 +0000 2018,0.0,1.0,0.0,0.0,Girls leap for their lives from burning balcony after New Jersey building inferno breaks out https://t.co/LNUw1DR86L
393,@FoxNews,94,Tue Apr 10 13:00:42 +0000 2018,0.0,1.0,0.0,0.0,.@Judgenap: Cohen Could Be 'Squeezed' for Info on Alleged Trump-Russia Collusion https://t.co/4xzFnJGxac
394,@FoxNews,95,Tue Apr 10 12:58:28 +0000 2018,0.0,0.899,0.101,-0.2263,RT @FoxBusiness: NFL legend Joe Gibbs on anthem protests: ‚ÄòA lot of people sacrificed for that flag‚Äô https://t.co/zqiWwnG5WT
395,@FoxNews,96,Tue Apr 10 12:50:37 +0000 2018,0.08,0.92,0.0,0.0772,"OPINION: Want jobs? Nebraska reforms have more people working, fewer on welfare and food stamps https://t.co/TvM5wFwAE3"
396,@FoxNews,97,Tue Apr 10 12:50:10 +0000 2018,0.124,0.876,0.0,0.34,".@dougducey: ‚ÄúTo secure the border‚Ä¶ we‚Äôre going to need technology, we‚Äôre going to need that physical barrier.‚Äù https://t.co/pt1GM1xQZ4"
397,@FoxNews,98,Tue Apr 10 12:43:53 +0000 2018,0.135,0.865,0.0,0.4215,.@dougducey on sending the @USNationalGuard to the border: ‚ÄúThis is all about public safety. We‚Äôre talking about se‚Ä¶ https://t.co/xa4fwUflSI
398,@FoxNews,99,Tue Apr 10 12:42:17 +0000 2018,0.0,1.0,0.0,0.0,.@ChuckGrassley: ‚Äú[Cambridge Analytica] tapped into Facebook and got this information probably a year before there‚Ä¶ https://t.co/tiIRwPaUtD
399,@FoxNews,100,Tue Apr 10 12:22:10 +0000 2018,0.221,0.661,0.118,0.4509,Jonathan Turley: ‚ÄúThe president has to be very careful. The greatest danger that he faces is not Michael Cohen as d‚Ä¶ https://t.co/Qx2Fe3VucN
400,@nytimes,1,Wed Apr 11 01:32:06 +0000 2018,0.0,1.0,0.0,0.0,Evening Briefing: Here's what you need to know at the end of the day https://t.co/P0HmMR0B9S
401,@nytimes,2,Wed Apr 11 01:17:05 +0000 2018,0.0,1.0,0.0,0.0,"RT @maggieNYT: Cohen, the ""ultimate Trump loyalists,"" is now being squeezed by the FBI https://t.co/qxoku9PoO8"
402,@nytimes,3,Wed Apr 11 01:08:03 +0000 2018,0.0,1.0,0.0,0.0,Beware the Carolina Reaper. The hottest pepper in the world caused what are known as thunderclap headaches in a man‚Ä¶ https://t.co/QJE5mQ997K
403,@nytimes,4,Wed Apr 11 00:56:02 +0000 2018,0.0,0.868,0.132,-0.4404,"RT @nickconfessore: NEW w/@dgelles: The Mercer political dynasty, battered by the Facebook scandal and Bannon‚Äôs break with Trump, in peril.‚Ä¶"
404,@nytimes,5,Wed Apr 11 00:48:47 +0000 2018,0.0,0.868,0.132,-0.4404,"Fallout from the Facebook scandal has dealt a blow to the political clout of the Mercers, the conservative donors b‚Ä¶ https://t.co/xVuAkZStwq"
405,@nytimes,6,Wed Apr 11 00:32:05 +0000 2018,0.0,1.0,0.0,0.0,"Fact Check: What Mark Zuckerberg said about Facebook, data and elections https://t.co/6VJ90CygPe"
406,@nytimes,7,Wed Apr 11 00:17:03 +0000 2018,0.331,0.669,0.0,0.8356,"RT @JulietMacur: What's it like to be a pro cheerleader? A fan might yell, ""I hope you get raped!"" Others might get ""handsy."" At the Redski‚Ä¶"
407,@nytimes,8,Wed Apr 11 00:02:05 +0000 2018,0.333,0.667,0.0,0.7906,Supreme Court Justice Ruth Bader Ginsburg presided over a naturalization ceremony at the New-York Historical Societ‚Ä¶ https://t.co/mHGy6NXWJj
408,@nytimes,9,Tue Apr 10 23:46:05 +0000 2018,0.0,1.0,0.0,0.0,Evening Briefing: Here's what you need to know at the end of the day https://t.co/x9wFz79XbF
409,@nytimes,10,Tue Apr 10 23:31:00 +0000 2018,0.0,0.845,0.155,-0.5106,"Angry over reports in December of subpoenas related to his business dealings, President Trump told advisers that Ro‚Ä¶ https://t.co/f6fBVAEJuG"
410,@nytimes,11,Tue Apr 10 23:22:01 +0000 2018,0.0,0.906,0.094,-0.34,"RT @maggieNYT: Trump Sought to Fire Mueller in December, and has been considering doing it at other points over the last year, via @nytmike‚Ä¶"
411,@nytimes,12,Tue Apr 10 23:16:45 +0000 2018,0.15,0.85,0.0,0.25,"A second episode where President Trump sought to shut down the special counsel's Russia inquiry, but later backed a‚Ä¶ https://t.co/onuqlp9eBi"
412,@nytimes,13,Tue Apr 10 23:02:03 +0000 2018,0.119,0.731,0.151,-0.1779,Mark Zuckerberg is testifying to Congress on Facebook‚Äôs failure to protect users‚Äô data. We‚Äôre covering the highligh‚Ä¶ https://t.co/M0H9cOhJwv
413,@nytimes,14,Tue Apr 10 22:47:04 +0000 2018,0.0,0.916,0.084,-0.296,"RT @andrewrsorkin: A missed Q for Zuck: When a user uploads a pic or video, what kind of machine learning and AI is used to tag it? Walk us‚Ä¶"
414,@nytimes,15,Tue Apr 10 22:38:03 +0000 2018,0.0,1.0,0.0,0.0,"We are fact checking Mark Zuckerberg, Facebook‚Äôs chief executive, as he testifies before Congress‚Ä¶ https://t.co/t4xVThsEPZ"
415,@nytimes,16,Tue Apr 10 22:28:09 +0000 2018,0.232,0.768,0.0,0.6187,"RT @kevinroose: Sen. Kennedy (R-LA): ""Mr. Zuckerberg, I come in peace. I don‚Äôt want to have to vote to regulate Facebook, but by god I will‚Ä¶"
416,@nytimes,17,Tue Apr 10 22:18:05 +0000 2018,0.101,0.81,0.089,0.0772,"Bank of America will no longer lend money to manufacturers of firearms like the AR-15, which has been used in multi‚Ä¶ https://t.co/nCBlR6t0X6"
417,@nytimes,18,Tue Apr 10 22:07:05 +0000 2018,0.0,0.92,0.08,-0.0772,RT @NYTStyles: All of the times Mark Zuckerberg put on the Serious Suit of Contrition. https://t.co/hhzc3b6i0x
418,@nytimes,19,Tue Apr 10 22:01:06 +0000 2018,0.114,0.886,0.0,0.4019,RT @kevinroose: It's notable that even Cory Booker is grilling Zuckerberg now. Booker was the pro-tech mayor who convinced Zuckerberg to gi‚Ä¶
419,@nytimes,20,Tue Apr 10 21:53:38 +0000 2018,0.0,1.0,0.0,0.0,It's been 3 hours. We're on the final stretch of the first of Mark Zuckerberg's 2 marathon hearings before Congress‚Ä¶ https://t.co/gEX2Lfl0Jx
420,@nytimes,21,Tue Apr 10 21:47:02 +0000 2018,0.107,0.893,0.0,0.34,"A restored version of the film ‚ÄúYellow Submarine‚Äù will be shown in the U.S., Britain and Ireland this summer to cel‚Ä¶ https://t.co/PLUJAMESN4"
421,@nytimes,22,Tue Apr 10 21:32:04 +0000 2018,0.065,0.935,0.0,0.1027,"The Metropolitan Museum of Art has reached beyond its doors for a director for the first time in 60 years, choosing‚Ä¶ https://t.co/Ga6tZczRk5"
422,@nytimes,23,Tue Apr 10 21:17:04 +0000 2018,0.127,0.746,0.127,0.0,RT @kevinroose: Senator Coons asks a good q: why does Facebook shift the burden of reporting bad/hateful/discriminatory content to users?‚Ä¶
423,@nytimes,24,Tue Apr 10 21:08:06 +0000 2018,0.0,1.0,0.0,0.0,"If you‚Äôre concerned about ""Westworld"" spoilers, don‚Äôt be. There don‚Äôt appear to be any. https://t.co/vs7iCSTUQy"
424,@nytimes,25,Tue Apr 10 20:53:50 +0000 2018,0.0,1.0,0.0,0.0,"‚ÄúNo. I would probably not choose to do that publicly here,‚Äù Zuckerberg said when Senator Richard Durbin asked if he‚Ä¶ https://t.co/RD48wALpzV"
425,@nytimes,26,Tue Apr 10 20:50:09 +0000 2018,0.324,0.676,0.0,0.4215,Overwhelmed by the number of Netflix original shows? Let @Watching guide you. https://t.co/s9x6gV2ipj
426,@nytimes,27,Tue Apr 10 20:40:04 +0000 2018,0.09,0.621,0.29,-0.7003,"RT @nytimesarts: T.J. Miller, the comedian and former ""Silicon Valley"" star, was charged with calling in a false report of a bomb threat fr‚Ä¶"
427,@nytimes,28,Tue Apr 10 20:19:44 +0000 2018,0.0,0.929,0.071,-0.0772,Wired Magazine recently noted that Zuckerberg has a 14-year history of apologizing. That seems to have caused some‚Ä¶ https://t.co/2wWLKv9HjE
428,@nytimes,29,Tue Apr 10 20:17:07 +0000 2018,0.132,0.868,0.0,0.4404,"RT @NYTNational: Toll of mass incarceration: States send inmates to private prisons, where profit is often the main motive https://t.co/3nm‚Ä¶"
429,@nytimes,30,Tue Apr 10 20:10:07 +0000 2018,0.093,0.759,0.148,-0.3182,"Cheerleaders for pro sports teams say they‚Äôre expected to endure groping and harassment by fans. ‚ÄúIt is common, and‚Ä¶ https://t.co/QDQ9mMftUz"
430,@nytimes,31,Tue Apr 10 20:03:41 +0000 2018,0.0,1.0,0.0,0.0,"Here are some of Zuckerberg‚Äôs claims, which we fact checked. The page will be updated throughout the hearings:‚Ä¶ https://t.co/Ua5awGFTKn"
431,@nytimes,32,Tue Apr 10 19:55:03 +0000 2018,0.179,0.655,0.166,-0.1779,"Bill Cosby's lawyers began a combative defense at his sexual assault retrial, portraying the entertainer as the lon‚Ä¶ https://t.co/hTZmv1LTcb"
432,@nytimes,33,Tue Apr 10 19:45:50 +0000 2018,0.0,0.756,0.244,-0.6705,Senator Patrick Leahy just confronted Mark Zuckerberg about why hate speech regarding Myanmar was not taken down in‚Ä¶ https://t.co/zebFBEt13b
433,@nytimes,34,Tue Apr 10 19:40:09 +0000 2018,0.0,1.0,0.0,0.0,After months of speculation about whether the Obamas or the Trumps would be invited to the royal wedding next month‚Ä¶ https://t.co/t2fr7iBNOm
434,@nytimes,35,Tue Apr 10 19:30:10 +0000 2018,0.0,1.0,0.0,0.0,"RT @kevinroose: Third or fourth mention of Facebook‚Äôs dorm room origins so far. Obviously meant to humanize Zuckerberg, but it feeds a narr‚Ä¶"
435,@nytimes,36,Tue Apr 10 19:25:48 +0000 2018,0.178,0.822,0.0,0.4404,"In the 1990s, Antioch College created the country‚Äôs first affirmative consent policy for sex. The women who led the‚Ä¶ https://t.co/9aXDgjgtAB"
436,@nytimes,37,Tue Apr 10 19:18:09 +0000 2018,0.134,0.866,0.0,0.5267,"Zuckerberg is the only technology chief in the room, but it is clear that members of Congress are treating him as a‚Ä¶ https://t.co/cdAsLLpRft"
437,@nytimes,38,Tue Apr 10 19:15:01 +0000 2018,0.165,0.685,0.149,0.1027,A longtime usher for the Pittsburgh Pirates has been escorting fans to their seats since the Great Depression. This‚Ä¶ https://t.co/XImWCfvTeJ
438,@nytimes,39,Tue Apr 10 19:06:24 +0000 2018,0.0,1.0,0.0,0.0,Facebook revealed today that the extent of the harvesting went even further ‚Äî it included people‚Äôs private messages‚Ä¶ https://t.co/rhW3sFduns
439,@nytimes,40,Tue Apr 10 19:01:41 +0000 2018,0.0,1.0,0.0,0.0,"The hearings were prompted by the revelation that Cambridge Analytica, a British firm linked to the Trump campaign,‚Ä¶ https://t.co/f9caN8Lc0O"
440,@nytimes,41,Tue Apr 10 18:55:05 +0000 2018,0.0,0.756,0.244,-0.7003,"A conservative TV commentator resigned after saying that he was preparing to use a ""hot poker"" to assault one of th‚Ä¶ https://t.co/SeRyduhH87"
441,@nytimes,42,Tue Apr 10 18:45:07 +0000 2018,0.0,0.931,0.069,-0.1419,"Bustling and built for governing, Bogot√° may not be a tropical jewel or a trendy hot spot, but it is an essential p‚Ä¶ https://t.co/o8yJgcurQK"
442,@nytimes,43,Tue Apr 10 18:36:53 +0000 2018,0.0,0.837,0.163,-0.4019,"Zuckerberg is expected to tell Congress, ‚ÄúIt was my mistake, and I‚Äôm sorry. I started Facebook, I run it and I‚Äôm re‚Ä¶ https://t.co/opF4ezMQNj"
443,@nytimes,44,Tue Apr 10 18:33:48 +0000 2018,0.0,0.852,0.148,-0.5106,"Watch live: Mark Zuckerberg, Facebook's chief, is about to testify to Congress on why his company failed to protect‚Ä¶ https://t.co/tCFhrtGSXk"
444,@nytimes,45,Tue Apr 10 18:30:08 +0000 2018,0.087,0.684,0.228,-0.5719,2 of the ways the U.S. could respond to fresh reports of a chemical weapons attack in Syria would have little effec‚Ä¶ https://t.co/NI04BOdexx
445,@nytimes,46,Tue Apr 10 18:17:46 +0000 2018,0.0,1.0,0.0,0.0,RT @kevinroose: Someone came to the hearing dressed as a Russian troll. https://t.co/ZdPEK9MDne
446,@nytimes,47,Tue Apr 10 18:16:12 +0000 2018,0.105,0.895,0.0,0.4019,Mark Zuckerberg will be clad in a suit and tie at his hearing. He will also have a booster seat to help give his te‚Ä¶ https://t.co/6o4AseMQ2h
447,@nytimes,48,Tue Apr 10 18:10:07 +0000 2018,0.0,0.88,0.12,-0.3818,"""You may be asking yourself: What kind of sociopath complains about ice cream sundaes? I just know that when I see‚Ä¶ https://t.co/Scp1lrmZ5j"
448,@nytimes,49,Tue Apr 10 17:55:05 +0000 2018,0.052,0.948,0.0,0.0258,A Facebook page that claimed a connection to Black Lives Matter and had more than twice as many followers as the mo‚Ä¶ https://t.co/vswTey0l1v
449,@nytimes,50,Tue Apr 10 17:40:06 +0000 2018,0.0,1.0,0.0,0.0,Most of the White House staff in this swearing-in photo has left the Trump administration https://t.co/MvygghIpO7
450,@nytimes,51,Tue Apr 10 17:27:14 +0000 2018,0.0,1.0,0.0,0.0,"Also this morning, some people woke up to a Facebook notification that their private messages might have been harve‚Ä¶ https://t.co/W1d21jJWXP"
451,@nytimes,52,Tue Apr 10 17:25:04 +0000 2018,0.0,0.829,0.171,-0.5423,"In bad timing for Mark Zuckerberg, Senator Chris Coons, a Democratic member of the Judiciary Committee, today found‚Ä¶ https://t.co/irY9Uf2oAS"
452,@nytimes,53,Tue Apr 10 17:10:07 +0000 2018,0.106,0.725,0.169,-0.3182,How professional sports teams make money off cheerleaders by sending them into settings where they're harassed https://t.co/A6MS4SEW44
453,@nytimes,54,Tue Apr 10 16:55:04 +0000 2018,0.0,1.0,0.0,0.0,It‚Äôs a one-pan wonder and can be made on the fly https://t.co/NfCbu8IGdn https://t.co/MZioBSqGML
454,@nytimes,55,Tue Apr 10 16:42:59 +0000 2018,0.149,0.683,0.169,-0.128,"On Tuesday, Facebook announced it would begin offering a ‚Äúdata abuse bounty‚Äù program to reward people who report in‚Ä¶ https://t.co/uYGZYFQfqT"
455,@nytimes,56,Tue Apr 10 16:40:09 +0000 2018,0.0,1.0,0.0,0.0,"They are some of the first known Facebook users targeted by Cambridge Analytica to be publicly identified, and they‚Ä¶ https://t.co/4y614GyHB8"
456,@nytimes,57,Tue Apr 10 16:27:20 +0000 2018,0.0,1.0,0.0,0.0,Breaking News: FBI agents who raided the office of President Trump‚Äôs lawyer sought records of payments to 2 women w‚Ä¶ https://t.co/FzYOveos1H
457,@nytimes,58,Tue Apr 10 16:25:07 +0000 2018,0.111,0.821,0.068,0.2263,"In @NYTOpinion,

Op-Ed Contributor Lilly Ledbetter and namesake of the Lilly Ledbetter Fair Pay Act writes, ""I have‚Ä¶ https://t.co/I5hOahpwzl"
458,@nytimes,59,Tue Apr 10 16:10:06 +0000 2018,0.0,1.0,0.0,0.0,"Deputy Attorney General Rod Rosenstein signed off on the FBI raid of Trump‚Äôs lawyer's office, a move that has enrag‚Ä¶ https://t.co/IKo68xis5V"
459,@nytimes,60,Tue Apr 10 15:50:00 +0000 2018,0.118,0.882,0.0,0.34,Read the letter from the 2 Democratic senators who say they have obtained an EPA assessment about security spending‚Ä¶ https://t.co/G2eF5E6PTA
460,@nytimes,61,Tue Apr 10 15:40:11 +0000 2018,0.0,0.796,0.204,-0.4767,Senator Sheldon Whitehouse claims to have a document disputing Scott Pruitt's need for costly travel and other secu‚Ä¶ https://t.co/QSlamqZR7g
461,@nytimes,62,Tue Apr 10 15:30:09 +0000 2018,0.0,1.0,0.0,0.0,"RT @palafo: Three ballparks. Fourteen presidential administrations. Now at 99, Phil Coyne is retiring from his job as a Pittsburgh Pirates‚Ä¶"
462,@nytimes,63,Tue Apr 10 15:27:06 +0000 2018,0.122,0.878,0.0,0.3612,Expect a long afternoon: 44 senators will participate in the hearing and have been promised 4 minutes each of quest‚Ä¶ https://t.co/EsfubjRXLi
463,@nytimes,64,Tue Apr 10 15:20:09 +0000 2018,0.11,0.89,0.0,0.3818,Greeting Mark Zuckerberg on Tuesday in front of the U.S. Capitol are dozens of cardboard cutouts of his own image s‚Ä¶ https://t.co/eBfB1LF0Eq
464,@nytimes,65,Tue Apr 10 15:10:08 +0000 2018,0.118,0.882,0.0,0.34,"Another exit from the White House: Thomas Bossert, the homeland security adviser, is leaving. It‚Äôs a sign John Bolt‚Ä¶ https://t.co/tvcHeK5WMk"
465,@nytimes,66,Tue Apr 10 15:00:11 +0000 2018,0.219,0.781,0.0,0.4215,"""You have to find the music that your horse likes"" https://t.co/FmrtJYsPpZ"
466,@nytimes,67,Tue Apr 10 14:50:08 +0000 2018,0.0,0.807,0.193,-0.6486,"Is the Brooklyn-Queens streetcar dead? At the very least it‚Äôs languishing, 2 years after the mayor presented it as‚Ä¶ https://t.co/oEwBXc1l1w"
467,@nytimes,68,Tue Apr 10 14:40:13 +0000 2018,0.0,0.848,0.152,-0.5267,"Last week, after frustrated activists from Myanmar sent an open letter to Mark Zuckerberg, the chief executive of F‚Ä¶ https://t.co/dCsumnFFZJ"
468,@nytimes,69,Tue Apr 10 14:30:17 +0000 2018,0.13,0.87,0.0,0.2023,"To hear climate denialists tell it, polar bears are doing just fine https://t.co/vuT4LUDVbV"
469,@nytimes,70,Tue Apr 10 14:15:06 +0000 2018,0.0,1.0,0.0,0.0,The 2 Reuters journalists were investigating a massacre of 10 Muslim Rohingya men https://t.co/ndwqQfno1H
470,@nytimes,71,Tue Apr 10 14:00:04 +0000 2018,0.0,1.0,0.0,0.0,Robert Mueller is investigating a payment made to President Trump's foundation by a Ukrainian steel magnate for a t‚Ä¶ https://t.co/Ik8xqvkVTG
471,@nytimes,72,Tue Apr 10 13:45:09 +0000 2018,0.0,0.885,0.115,-0.296,"In Opinion

Op-Ed contributor Mark Penn writes that Facebook and other major internet platforms should stop pretend‚Ä¶ https://t.co/q6bhBDPcYZ"
472,@nytimes,73,Tue Apr 10 13:31:02 +0000 2018,0.0,1.0,0.0,0.0,Breaking: President Trump will skip his planned trip to Latin America this week to oversee the American response to‚Ä¶ https://t.co/nJo2PjDKLt
473,@nytimes,74,Tue Apr 10 13:30:18 +0000 2018,0.244,0.756,0.0,0.4939,"‚ÄúPerhaps if you truly want to understand a drawing, you have to just eat it.‚Äù
https://t.co/1n5OgCsnMz"
474,@nytimes,75,Tue Apr 10 13:21:49 +0000 2018,0.0,0.791,0.209,-0.6705,"At least 5 people were killed when a single-engine plane crashed onto a golf course in Scottsdale, Arizona on Monda‚Ä¶ https://t.co/YghkhyTBxu"
475,@nytimes,76,Tue Apr 10 13:00:16 +0000 2018,0.0,1.0,0.0,0.0,Morning Briefing: Here's what you need to know to start your day https://t.co/Ap1ttJrPe6 https://t.co/FFFryxmbxc
476,@nytimes,77,Tue Apr 10 13:00:15 +0000 2018,0.134,0.821,0.045,0.5267,"‚ÄúIf someone got too handsy, we could just turn around and leave. But we still had to be gracious and say, ‚ÄòThank yo‚Ä¶ https://t.co/Vi1EG5mL0Y"
477,@nytimes,78,Tue Apr 10 12:45:08 +0000 2018,0.176,0.824,0.0,0.6697,"We speak to our little dogs much more lovingly than we do to our little boys, a clinical psychologist writes. How c‚Ä¶ https://t.co/SCheTFOl3K"
478,@nytimes,79,Tue Apr 10 12:31:00 +0000 2018,0.072,0.928,0.0,0.1027,"Volkswagen is considering replacing its chief executive, who took over after the company admitted in 2015 to cheati‚Ä¶ https://t.co/yXPd1npFgT"
479,@nytimes,80,Tue Apr 10 12:30:10 +0000 2018,0.071,0.929,0.0,0.0772,"Want a pet python? Consider that many reptiles and amphibians ‚Äî perhaps most, depending on the species ‚Äî were illeg‚Ä¶ https://t.co/VspTJVObmm"
480,@nytimes,81,Tue Apr 10 12:15:02 +0000 2018,0.0,1.0,0.0,0.0,Here are five things to watch as Mark Zuckerberg makes his much-anticipated appearance before members of Congress t‚Ä¶ https://t.co/BhetrPzttu
481,@nytimes,82,Tue Apr 10 12:00:14 +0000 2018,0.208,0.792,0.0,0.4939,"Your daily @DealBook briefing: 

‚Ä¢ In his prepared testimony, Mark Zuckerberg apologized for not doing more to stop‚Ä¶ https://t.co/x8lDqTblR5"
482,@nytimes,83,Tue Apr 10 11:44:55 +0000 2018,0.0,0.75,0.25,-0.7184,"Through memes and apparel, white supremacists have found new ways to drum up racist sentiment, harking back to colo‚Ä¶ https://t.co/d6lj7VYhyY"
483,@nytimes,84,Tue Apr 10 11:33:46 +0000 2018,0.13,0.725,0.145,-0.0772,"Her uncle has become active in alt-right causes, posting offensive material about minorities, immigrants and women‚Ä¶ https://t.co/tI2m0bx0pR"
484,@nytimes,85,Tue Apr 10 11:15:06 +0000 2018,0.252,0.748,0.0,0.6597,Stephen Colbert and other late-night hosts focused on a news story that united two topics: the Russia investigation‚Ä¶ https://t.co/43P4KWejzI
485,@nytimes,86,Tue Apr 10 11:00:16 +0000 2018,0.0,1.0,0.0,0.0,"The F.B.I. raided the home of President Trump‚Äôs personal lawyer, Michael D. Cohen. What are investigators looking f‚Ä¶ https://t.co/6eBGpWhk4t"
486,@nytimes,87,Tue Apr 10 11:00:15 +0000 2018,0.261,0.739,0.0,0.7184,"Supporters of the streetcar, an ambitious project known as the Brooklyn Queens Connector that would run from Astori‚Ä¶ https://t.co/mZlz2ANbu6"
487,@nytimes,88,Tue Apr 10 11:00:06 +0000 2018,0.113,0.887,0.0,0.3182,President Trump said Syria‚Äôs patrons in Russia and Iran may also be responsible for enabling last weekend‚Äôs chemica‚Ä¶ https://t.co/aOnIrpkV99
488,@nytimes,89,Tue Apr 10 10:30:11 +0000 2018,0.141,0.859,0.0,0.4215,President Trump called the F.B.I. raid a ‚Äúdisgraceful situation‚Äù and an ‚Äúattack on our country in a true sense‚Äù https://t.co/Iql98fyfw7
489,@nytimes,90,Tue Apr 10 10:21:05 +0000 2018,0.0,1.0,0.0,0.0,"Read the transcript of President Trump's remarks about the F.B.I. raid on his lawyer's office, Syria and more https://t.co/FfypkAWfkz"
490,@nytimes,91,Tue Apr 10 10:00:10 +0000 2018,0.0,1.0,0.0,0.0,Morning Briefing: Here's what you need to know to start your day https://t.co/BUTfuzACSR https://t.co/oZMsRt4RdI
491,@nytimes,92,Tue Apr 10 09:43:17 +0000 2018,0.0,1.0,0.0,0.0,"Broccoli salads are a dime a dozen, but this one is a game-changing celebration of flavors, colors and textures https://t.co/pHT90h9yT9"
492,@nytimes,93,Tue Apr 10 09:24:51 +0000 2018,0.123,0.682,0.195,-0.1531,"A smart city comes with risks: ‚ÄúOnce you‚Äôve given a developer license to deploy total surveillance, with no public‚Ä¶ https://t.co/mAtIKLcL2x"
493,@nytimes,94,Tue Apr 10 09:06:59 +0000 2018,0.0,1.0,0.0,0.0,RT @nytopinion: The Sinclair Broadcast Group does not practice the news principles that they preach. https://t.co/e2ZQ8AtfIX
494,@nytimes,95,Tue Apr 10 08:50:05 +0000 2018,0.0,0.881,0.119,-0.3182,"The Australian agriculture minister said he was ""shocked and gutted"" after footage showed thousands of sheep dying‚Ä¶ https://t.co/JogoHlHqJo"
495,@nytimes,96,Tue Apr 10 08:49:33 +0000 2018,0.0,1.0,0.0,0.0,"Yulia Skripal has been released from a hospital in England five weeks after she and her father, a former Russian sp‚Ä¶ https://t.co/IqR84TuqgI"
496,@nytimes,97,Tue Apr 10 08:45:06 +0000 2018,0.246,0.615,0.138,0.3612,"RT @nytimesworld: Millions of people in China are sharing the story of Gao Yan, a student who committed suicide in 1998 after friends say s‚Ä¶"
497,@nytimes,98,Tue Apr 10 08:32:42 +0000 2018,0.091,0.803,0.106,-0.1027,"RT @kimseverson: I spoke with Eddie Hernandez about his new cookbook. ‚ÄúIn Mexico,"" he said, ""we eat what we like and don‚Äôt worry about what‚Ä¶"
498,@nytimes,99,Tue Apr 10 08:15:10 +0000 2018,0.122,0.878,0.0,0.3612,‚ÄúSomething that started decades ago and was applauded and inoffensive is now politically incorrect. What can you do‚Ä¶ https://t.co/2EDwm5KchB
499,@nytimes,100,Tue Apr 10 08:15:05 +0000 2018,0.14,0.86,0.0,0.3818,Adelaide is rebranding itself as an innovation center for Australia ‚Äî and the world. Will it work? https://t.co/AcjeJhX98i
